uf,cidade
RO,Alta Floresta DOeste
RO,Alto Alegre dos Parecis
RO,Alto Paraiso
RO,Alvorada D'Oeste
RO,Ariquemes
RO,Buritis
RO,Cabixi
RO,Cacaulandia
RO,Cacoal
RO,Campo Novo de Rondonia
RO,Candeias do Jamari
RO,Castanheiras
RO,Cerejeiras
RO,Chupinguaia
RO,Colorado do Oeste
RO,Corumbiara
RO,Costa Marques
RO,Cujubim
RO,Espigao D'Oeste
RO,Governador Jorge Teixeira
RO,Guajara-Mirim
RO,Itapua do Oeste
RO,Jaru
RO,Ji-Parana
RO,Machadinho D'Oeste
RO,Ministro Andreazza
RO,Mirante da Serra
RO,Monte Negro
RO,Nova Brasilandia D'Oeste
RO,Nova Mamore
RO,Nova Uniao
RO,Novo Horizonte do Oeste
RO,Ouro Preto do Oeste
RO,Parecis
RO,Pimenta Bueno
RO,Pimenteiras do Oeste
RO,Porto Velho
RO,Presidente Medici
RO,Primavera de Rondonia
RO,Rio Crespo
RO,Rolim de Moura
RO,Santa Luzia D'Oeste
RO,Sao Felipe D'Oeste
RO,Sao Francisco do Guapore
RO,Sao Miguel do Guapore
RO,Seringueiras
RO,Teixeiropolis
RO,Theobroma
RO,Urupa
RO,Vale do Anari
RO,Vale do Paraiso
RO,Vilhena
AC,Acrelandia
AC,Assis Brasil
AC,Brasileia
AC,Bujari
AC,Capixaba
AC,Cruzeiro do Sul
AC,Epitaciolandia
AC,Feijo
AC,Jordao
AC,Mancio Lima
AC,Manoel Urbano
AC,Marechal Thaumaturgo
AC,Placido de Castro
AC,Porto Acre
AC,Porto Walter
AC,Rio Branco
AC,Rodrigues Alves
AC,Santa Rosa do Purus
AC,Sena Madureira
AC,Senador Guiomard
AC,Tarauaca
AC,Xapuri
AM,Alvaraes
AM,Amatura
AM,Anama
AM,Anori
AM,Apui
AM,Atalaia do Norte
AM,Autazes
AM,Barcelos
AM,Barreirinha
AM,Benjamin Constant
AM,Beruri
AM,Boa Vista do Ramos
AM,Boca do Acre
AM,Borba
AM,Caapiranga
AM,Canutama
AM,Carauari
AM,Careiro
AM,Careiro da Varzea
AM,Coari
AM,Codajas
AM,Eirunepe
AM,Envira
AM,Fonte Boa
AM,Guajara
AM,Humaita
AM,Ipixuna
AM,Iranduba
AM,Itacoatiara
AM,Itamarati
AM,Itapiranga
AM,Japura
AM,Jurua
AM,Jutai
AM,Labrea
AM,Manacapuru
AM,Manaquiri
AM,Manaus
AM,Manicore
AM,Maraa
AM,Maues
AM,Nhamunda
AM,Nova Olinda do Norte
AM,Novo Airao
AM,Novo Aripuana
AM,Parintins
AM,Pauini
AM,Presidente Figueiredo
AM,Rio Preto da Eva
AM,Santa Isabel do Rio Negro
AM,Santo Antonio do Ica
AM,Sao Gabriel da Cachoeira
AM,Sao Paulo de Olivenca
AM,Sao Sebastiao do Uatuma
AM,Silves
AM,Tabatinga
AM,Tapaua
AM,Tefe
AM,Tonantins
AM,Uarini
AM,Urucara
AM,Urucurituba
RR,Alto Alegre
RR,Amajari
RR,Boa Vista
RR,Bonfim
RR,Canta
RR,Caracarai
RR,Caroebe
RR,Iracema
RR,Mucajai
RR,Normandia
RR,Pacaraima
RR,Rorainopolis
RR,Sao Joao da Baliza
RR,Sao Luiz
RR,Uiramuta
PA,Abaetetuba
PA,Abel Figueiredo
PA,Acara
PA,Afua
PA,Agua Azul do Norte
PA,Alenquer
PA,Almeirim
PA,Altamira
PA,Anajas
PA,Ananindeua
PA,Anapu
PA,Augusto Correa
PA,Aurora do Para
PA,Aveiro
PA,Bagre
PA,Baiao
PA,Bannach
PA,Barcarena
PA,Belem
PA,Belterra
PA,Benevides
PA,Bom Jesus do Tocantins
PA,Bonito
PA,Braganca
PA,Brasil Novo
PA,Brejo Grande do Araguaia
PA,Breu Branco
PA,Breves
PA,Bujaru
PA,Cachoeira do Arari
PA,Cachoeira do Piria
PA,Cameta
PA,Canaa dos Carajas
PA,Capanema
PA,Capitao Poco
PA,Castanhal
PA,Chaves
PA,Colares
PA,Conceicao do Araguaia
PA,Concordia do Para
PA,Cumaru do Norte
PA,Curionopolis
PA,Curralinho
PA,Curua
PA,Curuca
PA,Dom Eliseu
PA,Eldorado dos Carajas
PA,Faro
PA,Floresta do Araguaia
PA,Garrafao do Norte
PA,Goianesia do Para
PA,Gurupa
PA,Igarape-Acu
PA,Igarape-Miri
PA,Inhangapi
PA,Ipixuna do Para
PA,Irituia
PA,Itaituba
PA,Itupiranga
PA,Jacareacanga
PA,Jacunda
PA,Juruti
PA,Limoeiro do Ajuru
PA,Mae do Rio
PA,Magalhaes Barata
PA,Maraba
PA,Maracana
PA,Marapanim
PA,Marituba
PA,Medicilandia
PA,Melgaco
PA,Mocajuba
PA,Moju
PA,Mojui dos Campos
PA,Monte Alegre
PA,Muana
PA,Nova Esperanca do Piria
PA,Nova Ipixuna
PA,Nova Timboteua
PA,Novo Progresso
PA,Novo Repartimento
PA,Obidos
PA,Oeiras do Para
PA,Oriximina
PA,Ourem
PA,Ourilandia do Norte
PA,Pacaja
PA,Palestina do Para
PA,Paragominas
PA,Parauapebas
PA,Pau D'Arco
PA,Peixe-Boi
PA,Picarra
PA,Placas
PA,Ponta de Pedras
PA,Portel
PA,Porto de Moz
PA,Prainha
PA,Primavera
PA,Quatipuru
PA,Redencao
PA,Rio Maria
PA,Rondon do Para
PA,Ruropolis
PA,Salinopolis
PA,Salvaterra
PA,Santa Barbara do Para
PA,Santa Cruz do Arari
PA,Santa Izabel do Para
PA,Santa Luzia do Para
PA,Santa Maria das Barreiras
PA,Santa Maria do Para
PA,Santana do Araguaia
PA,Santarem
PA,Santarem Novo
PA,Santo Antonio do Taua
PA,Sao Caetano de Odivelas
PA,Sao Domingos do Araguaia
PA,Sao Domingos do Capim
PA,Sao Felix do Xingu
PA,Sao Francisco do Para
PA,Sao Geraldo do Araguaia
PA,Sao Joao da Ponta
PA,Sao Joao de Pirabas
PA,Sao Joao do Araguaia
PA,Sao Miguel do Guama
PA,Sao Sebastiao da Boa Vista
PA,Sapucaia
PA,Senador Jose Porfirio
PA,Soure
PA,Tailandia
PA,Terra Alta
PA,Terra Santa
PA,Tome-Acu
PA,Tracuateua
PA,Trairao
PA,Tucuma
PA,Tucurui
PA,Ulianopolis
PA,Uruara
PA,Vigia
PA,Viseu
PA,Vitoria do Xingu
PA,Xinguara
AP,Amapa
AP,Calcoene
AP,Cutias
AP,Ferreira Gomes
AP,Itaubal
AP,Laranjal do Jari
AP,Macapa
AP,Mazagao
AP,Oiapoque
AP,Pedra Branca do Amapari
AP,Porto Grande
AP,Pracuuba
AP,Santana
AP,Serra do Navio
AP,Tartarugalzinho
AP,Vitoria do Jari
TO,Abreulandia
TO,Aguiarnopolis
TO,Alianca do Tocantins
TO,Almas
TO,Alvorada
TO,Ananas
TO,Angico
TO,Aparecida do Rio Negro
TO,Aragominas
TO,Araguacema
TO,Araguacu
TO,Araguaina
TO,Araguana
TO,Araguatins
TO,Arapoema
TO,Arraias
TO,Augustinopolis
TO,Aurora do Tocantins
TO,Axixa do Tocantins
TO,Babaculandia
TO,Bandeirantes do Tocantins
TO,Barra do Ouro
TO,Barrolandia
TO,Bernardo Sayao
TO,Bom Jesus do Tocantins
TO,Brasilandia do Tocantins
TO,Brejinho de Nazare
TO,Buriti do Tocantins
TO,Cachoeirinha
TO,Campos Lindos
TO,Cariri do Tocantins
TO,Carmolandia
TO,Carrasco Bonito
TO,Caseara
TO,Centenario
TO,Chapada da Natividade
TO,Chapada de Areia
TO,Colinas do Tocantins
TO,Colmeia
TO,Combinado
TO,Conceicao do Tocantins
TO,Couto de Magalhaes
TO,Cristalandia
TO,Crixas do Tocantins
TO,Darcinopolis
TO,Dianopolis
TO,Divinopolis do Tocantins
TO,Dois Irmaos do Tocantins
TO,Duere
TO,Esperantina
TO,Fatima
TO,Figueiropolis
TO,Filadelfia
TO,Formoso do Araguaia
TO,Fortaleza do Tabocao
TO,Goianorte
TO,Goiatins
TO,Guarai
TO,Gurupi
TO,Ipueiras
TO,Itacaja
TO,Itaguatins
TO,Itapiratins
TO,Itapora do Tocantins
TO,Jau do Tocantins
TO,Juarina
TO,Lagoa da Confusao
TO,Lagoa do Tocantins
TO,Lajeado
TO,Lavandeira
TO,Lizarda
TO,Luzinopolis
TO,Marianopolis do Tocantins
TO,Mateiros
TO,Maurilandia do Tocantins
TO,Miracema do Tocantins
TO,Miranorte
TO,Monte do Carmo
TO,Monte Santo do Tocantins
TO,Muricilandia
TO,Natividade
TO,Nazare
TO,Nova Olinda
TO,Nova Rosalandia
TO,Novo Acordo
TO,Novo Alegre
TO,Novo Jardim
TO,Oliveira de Fatima
TO,Palmas
TO,Palmeirante
TO,Palmeiras do Tocantins
TO,Palmeiropolis
TO,Paraiso do Tocantins
TO,Parana
TO,Pau D'Arco
TO,Pedro Afonso
TO,Peixe
TO,Pequizeiro
TO,Pindorama do Tocantins
TO,Piraque
TO,Pium
TO,Ponte Alta do Bom Jesus
TO,Ponte Alta do Tocantins
TO,Porto Alegre do Tocantins
TO,Porto Nacional
TO,Praia Norte
TO,Presidente Kennedy
TO,Pugmil
TO,Recursolandia
TO,Riachinho
TO,Rio da Conceicao
TO,Rio dos Bois
TO,Rio Sono
TO,Sampaio
TO,Sandolandia
TO,Santa Fe do Araguaia
TO,Santa Maria do Tocantins
TO,Santa Rita do Tocantins
TO,Santa Rosa do Tocantins
TO,Santa Tereza do Tocantins
TO,Santa Terezinha do Tocantins
TO,Sao Bento do Tocantins
TO,Sao Felix do Tocantins
TO,Sao Miguel do Tocantins
TO,Sao Salvador do Tocantins
TO,Sao Sebastiao do Tocantins
TO,Sao Valerio da Natividade
TO,Silvanopolis
TO,Sitio Novo do Tocantins
TO,Sucupira
TO,Taguatinga
TO,Taipas do Tocantins
TO,Talisma
TO,Tocantinia
TO,Tocantinopolis
TO,Tupirama
TO,Tupiratins
TO,Wanderlandia
TO,Xambioa
MA,Acailandia
MA,Afonso Cunha
MA,Agua Doce do Maranhao
MA,Alcantara
MA,Aldeias Altas
MA,Altamira do Maranhao
MA,Alto Alegre do Maranhao
MA,Alto Alegre do Pindare
MA,Alto Parnaiba
MA,Amapa do Maranhao
MA,Amarante do Maranhao
MA,Anajatuba
MA,Anapurus
MA,Apicum-Acu
MA,Araguana
MA,Araioses
MA,Arame
MA,Arari
MA,Axixa
MA,Bacabal
MA,Bacabeira
MA,Bacuri
MA,Bacurituba
MA,Balsas
MA,Barao de Grajau
MA,Barra do Corda
MA,Barreirinhas
MA,Bela Vista do Maranhao
MA,Belagua
MA,Benedito Leite
MA,Bequimao
MA,Bernardo do Mearim
MA,Boa Vista do Gurupi
MA,Bom Jardim
MA,Bom Jesus das Selvas
MA,Bom Lugar
MA,Brejo
MA,Brejo de Areia
MA,Buriti
MA,Buriti Bravo
MA,Buriticupu
MA,Buritirana
MA,Cachoeira Grande
MA,Cajapio
MA,Cajari
MA,Campestre do Maranhao
MA,Candido Mendes
MA,Cantanhede
MA,Capinzal do Norte
MA,Carolina
MA,Carutapera
MA,Caxias
MA,Cedral
MA,Central do Maranhao
MA,Centro do Guilherme
MA,Centro Novo do Maranhao
MA,Chapadinha
MA,Cidelandia
MA,Codo
MA,Coelho Neto
MA,Colinas
MA,Conceicao do Lago-Acu
MA,Coroata
MA,Cururupu
MA,Davinopolis
MA,Dom Pedro
MA,Duque Bacelar
MA,Esperantinopolis
MA,Estreito
MA,Feira Nova do Maranhao
MA,Fernando Falcao
MA,Formosa da Serra Negra
MA,Fortaleza dos Nogueiras
MA,Fortuna
MA,Godofredo Viana
MA,Goncalves Dias
MA,Governador Archer
MA,Governador Edison Lobao
MA,Governador Eugenio Barros
MA,Governador Luiz Rocha
MA,Governador Newton Bello
MA,Governador Nunes Freire
MA,Graca Aranha
MA,Grajau
MA,Guimaraes
MA,Humberto de Campos
MA,Icatu
MA,Igarape do Meio
MA,Igarape Grande
MA,Imperatriz
MA,Itaipava do Grajau
MA,Itapecuru Mirim
MA,Itinga do Maranhao
MA,Jatoba
MA,Jenipapo dos Vieiras
MA,Joao Lisboa
MA,Joselandia
MA,Junco do Maranhao
MA,Lago da Pedra
MA,Lago do Junco
MA,Lago dos Rodrigues
MA,Lago Verde
MA,Lagoa do Mato
MA,Lagoa Grande do Maranhao
MA,Lajeado Novo
MA,Lima Campos
MA,Loreto
MA,Luis Domingues
MA,Magalhaes de Almeida
MA,Maracacume
MA,Maraja do Sena
MA,Maranhaozinho
MA,Mata Roma
MA,Matinha
MA,Matoes
MA,Matoes do Norte
MA,Milagres do Maranhao
MA,Mirador
MA,Miranda do Norte
MA,Mirinzal
MA,Moncao
MA,Montes Altos
MA,Morros
MA,Nina Rodrigues
MA,Nova Colinas
MA,Nova Iorque
MA,Nova Olinda do Maranhao
MA,Olho d'Agua das Cunhas
MA,Olinda Nova do Maranhao
MA,Paco do Lumiar
MA,Palmeirandia
MA,Paraibano
MA,Parnarama
MA,Passagem Franca
MA,Pastos Bons
MA,Paulino Neves
MA,Paulo Ramos
MA,Pedreiras
MA,Pedro do Rosario
MA,Penalva
MA,Peri Mirim
MA,Peritoro
MA,Pindare-Mirim
MA,Pinheiro
MA,Pio XII
MA,Pirapemas
MA,Pocao de Pedras
MA,Porto Franco
MA,Porto Rico do Maranhao
MA,Presidente Dutra
MA,Presidente Juscelino
MA,Presidente Medici
MA,Presidente Sarney
MA,Presidente Vargas
MA,Primeira Cruz
MA,Raposa
MA,Riachao
MA,Ribamar Fiquene
MA,Rosario
MA,Sambaiba
MA,Santa Filomena do Maranhao
MA,Santa Helena
MA,Santa Ines
MA,Santa Luzia
MA,Santa Luzia do Parua
MA,Santa Quiteria do Maranhao
MA,Santa Rita
MA,Santana do Maranhao
MA,Santo Amaro do Maranhao
MA,Santo Antonio dos Lopes
MA,Sao Benedito do Rio Preto
MA,Sao Bento
MA,Sao Bernardo
MA,Sao Domingos do Azeitao
MA,Sao Domingos do Maranhao
MA,Sao Felix de Balsas
MA,Sao Francisco do Brejao
MA,Sao Francisco do Maranhao
MA,Sao Joao Batista
MA,Sao Joao do Caru
MA,Sao Joao do Paraiso
MA,Sao Joao do Soter
MA,Sao Joao dos Patos
MA,Sao Jose de Ribamar
MA,Sao Jose dos Basilios
MA,Sao Luis
MA,Sao Luis Gonzaga do Maranhao
MA,Sao Mateus do Maranhao
MA,Sao Pedro da Agua Branca
MA,Sao Pedro dos Crentes
MA,Sao Raimundo das Mangabeiras
MA,Sao Raimundo do Doca Bezerra
MA,Sao Roberto
MA,Sao Vicente Ferrer
MA,Satubinha
MA,Senador Alexandre Costa
MA,Senador La Rocque
MA,Serrano do Maranhao
MA,Sitio Novo
MA,Sucupira do Norte
MA,Sucupira do Riachao
MA,Tasso Fragoso
MA,Timbiras
MA,Timon
MA,Trizidela do Vale
MA,Tufilandia
MA,Tuntum
MA,Turiacu
MA,Turilandia
MA,Tutoia
MA,Urbano Santos
MA,Vargem Grande
MA,Viana
MA,Vila Nova dos Martirios
MA,Vitoria do Mearim
MA,Vitorino Freire
MA,Ze Doca
PI,Acaua
PI,Agricolandia
PI,Agua Branca
PI,Alagoinha do Piaui
PI,Alegrete do Piaui
PI,Alto Longa
PI,Altos
PI,Alvorada do Gurgueia
PI,Amarante
PI,Angical do Piaui
PI,Anisio de Abreu
PI,Antonio Almeida
PI,Aroazes
PI,Aroeiras do Itaim
PI,Arraial
PI,Assuncao do Piaui
PI,Avelino Lopes
PI,Baixa Grande do Ribeiro
PI,Barra D'Alcantara
PI,Barras
PI,Barreiras do Piaui
PI,Barro Duro
PI,Batalha
PI,Bela Vista do Piaui
PI,Belem do Piaui
PI,Beneditinos
PI,Bertolinia
PI,Betania do Piaui
PI,Boa Hora
PI,Bocaina
PI,Bom Jesus
PI,Bom Principio do Piaui
PI,Bonfim do Piaui
PI,Boqueirao do Piaui
PI,Brasileira
PI,Brejo do Piaui
PI,Buriti dos Lopes
PI,Buriti dos Montes
PI,Cabeceiras do Piaui
PI,Cajazeiras do Piaui
PI,Cajueiro da Praia
PI,Caldeirao Grande do Piaui
PI,Campinas do Piaui
PI,Campo Alegre do Fidalgo
PI,Campo Grande do Piaui
PI,Campo Largo do Piaui
PI,Campo Maior
PI,Canavieira
PI,Canto do Buriti
PI,Capitao de Campos
PI,Capitao Gervasio Oliveira
PI,Caracol
PI,Caraubas do Piaui
PI,Caridade do Piaui
PI,Castelo do Piaui
PI,Caxingo
PI,Cocal
PI,Cocal de Telha
PI,Cocal dos Alves
PI,Coivaras
PI,Colonia do Gurgueia
PI,Colonia do Piaui
PI,Conceicao do Caninde
PI,Coronel Jose Dias
PI,Corrente
PI,Cristalandia do Piaui
PI,Cristino Castro
PI,Curimata
PI,Currais
PI,Curral Novo do Piaui
PI,Curralinhos
PI,Demerval Lobao
PI,Dirceu Arcoverde
PI,Dom Expedito Lopes
PI,Dom Inocencio
PI,Domingos Mourao
PI,Elesbao Veloso
PI,Eliseu Martins
PI,Esperantina
PI,Fartura do Piaui
PI,Flores do Piaui
PI,Floresta do Piaui
PI,Floriano
PI,Francinopolis
PI,Francisco Ayres
PI,Francisco Macedo
PI,Francisco Santos
PI,Fronteiras
PI,Geminiano
PI,Gilbues
PI,Guadalupe
PI,Guaribas
PI,Hugo Napoleao
PI,Ilha Grande
PI,Inhuma
PI,Ipiranga do Piaui
PI,Isaias Coelho
PI,Itainopolis
PI,Itaueira
PI,Jacobina do Piaui
PI,Jaicos
PI,Jardim do Mulato
PI,Jatoba do Piaui
PI,Jerumenha
PI,Joao Costa
PI,Joaquim Pires
PI,Joca Marques
PI,Jose de Freitas
PI,Juazeiro do Piaui
PI,Julio Borges
PI,Jurema
PI,Lagoa Alegre
PI,Lagoa de Sao Francisco
PI,Lagoa do Barro do Piaui
PI,Lagoa do Piaui
PI,Lagoa do Sitio
PI,Lagoinha do Piaui
PI,Landri Sales
PI,Luis Correia
PI,Luzilandia
PI,Madeiro
PI,Manoel Emidio
PI,Marcolandia
PI,Marcos Parente
PI,Massape do Piaui
PI,Matias Olimpio
PI,Miguel Alves
PI,Miguel Leao
PI,Milton Brandao
PI,Monsenhor Gil
PI,Monsenhor Hipolito
PI,Monte Alegre do Piaui
PI,Morro Cabeca no Tempo
PI,Morro do Chapeu do Piaui
PI,Murici dos Portelas
PI,Nazare do Piaui
PI,Nazaria
PI,Nossa Senhora de Nazare
PI,Nossa Senhora dos Remedios
PI,Nova Santa Rita
PI,Novo Oriente do Piaui
PI,Novo Santo Antonio
PI,Oeiras
PI,Olho D'Agua do Piaui
PI,Padre Marcos
PI,Paes Landim
PI,Pajeu do Piaui
PI,Palmeira do Piaui
PI,Palmeirais
PI,Paqueta
PI,Parnagua
PI,Parnaiba
PI,Passagem Franca do Piaui
PI,Patos do Piaui
PI,Pau D'Arco do Piaui
PI,Paulistana
PI,Pavussu
PI,Pedro II
PI,Pedro Laurentino
PI,Picos
PI,Pimenteiras
PI,Pio IX
PI,Piracuruca
PI,Piripiri
PI,Porto
PI,Porto Alegre do Piaui
PI,Prata do Piaui
PI,Queimada Nova
PI,Redencao do Gurgueia
PI,Regeneracao
PI,Riacho Frio
PI,Ribeira do Piaui
PI,Ribeiro Goncalves
PI,Rio Grande do Piaui
PI,Santa Cruz do Piaui
PI,Santa Cruz dos Milagres
PI,Santa Filomena
PI,Santa Luz
PI,Santa Rosa do Piaui
PI,Santana do Piaui
PI,Santo Antonio de Lisboa
PI,Santo Antonio dos Milagres
PI,Santo Inacio do Piaui
PI,Sao Braz do Piaui
PI,Sao Felix do Piaui
PI,Sao Francisco de Assis do Piaui
PI,Sao Francisco do Piaui
PI,Sao Goncalo do Gurgueia
PI,Sao Goncalo do Piaui
PI,Sao Joao da Canabrava
PI,Sao Joao da Fronteira
PI,Sao Joao da Serra
PI,Sao Joao da Varjota
PI,Sao Joao do Arraial
PI,Sao Joao do Piaui
PI,Sao Jose do Divino
PI,Sao Jose do Peixe
PI,Sao Jose do Piaui
PI,Sao Juliao
PI,Sao Lourenco do Piaui
PI,Sao Luis do Piaui
PI,Sao Miguel da Baixa Grande
PI,Sao Miguel do Fidalgo
PI,Sao Miguel do Tapuio
PI,Sao Pedro do Piaui
PI,Sao Raimundo Nonato
PI,Sebastiao Barros
PI,Sebastiao Leal
PI,Sigefredo Pacheco
PI,Simoes
PI,Simplicio Mendes
PI,Socorro do Piaui
PI,Sussuapara
PI,Tamboril do Piaui
PI,Tanque do Piaui
PI,Teresina
PI,Uniao
PI,Urucui
PI,Valenca do Piaui
PI,Varzea Branca
PI,Varzea Grande
PI,Vera Mendes
PI,Vila Nova do Piaui
PI,Wall Ferraz
CE,Abaiara
CE,Acarape
CE,Acarau
CE,Acopiara
CE,Aiuaba
CE,Alcantaras
CE,Altaneira
CE,Alto Santo
CE,Amontada
CE,Antonina do Norte
CE,Apuiares
CE,Aquiraz
CE,Aracati
CE,Aracoiaba
CE,Ararenda
CE,Araripe
CE,Aratuba
CE,Arneiroz
CE,Assare
CE,Aurora
CE,Baixio
CE,Banabuiu
CE,Barbalha
CE,Barreira
CE,Barro
CE,Barroquinha
CE,Baturite
CE,Beberibe
CE,Bela Cruz
CE,Boa Viagem
CE,Brejo Santo
CE,Camocim
CE,Campos Sales
CE,Caninde
CE,Capistrano
CE,Caridade
CE,Carire
CE,Caririacu
CE,Carius
CE,Carnaubal
CE,Cascavel
CE,Catarina
CE,Catunda
CE,Caucaia
CE,Cedro
CE,Chaval
CE,Choro
CE,Chorozinho
CE,Coreau
CE,Crateus
CE,Crato
CE,Croata
CE,Cruz
CE,Deputado Irapuan Pinheiro
CE,Erere
CE,Eusebio
CE,Farias Brito
CE,Forquilha
CE,Fortaleza
CE,Fortim
CE,Frecheirinha
CE,General Sampaio
CE,Graca
CE,Granja
CE,Granjeiro
CE,Groairas
CE,Guaiuba
CE,Guaraciaba do Norte
CE,Guaramiranga
CE,Hidrolandia
CE,Horizonte
CE,Ibaretama
CE,Ibiapina
CE,Ibicuitinga
CE,Icapui
CE,Ico
CE,Iguatu
CE,Independencia
CE,Ipaporanga
CE,Ipaumirim
CE,Ipu
CE,Ipueiras
CE,Iracema
CE,Iraucuba
CE,Itaicaba
CE,Itaitinga
CE,Itapaje**
CE,Itapipoca
CE,Itapiuna
CE,Itarema
CE,Itatira
CE,Jaguaretama
CE,Jaguaribara
CE,Jaguaribe
CE,Jaguaruana
CE,Jardim
CE,Jati
CE,Jijoca de Jericoacoara
CE,Juazeiro do Norte
CE,Jucas
CE,Lavras da Mangabeira
CE,Limoeiro do Norte
CE,Madalena
CE,Maracanau
CE,Maranguape
CE,Marco
CE,Martinopole
CE,Massape
CE,Mauriti
CE,Meruoca
CE,Milagres
CE,Milha
CE,Miraima
CE,Missao Velha
CE,Mombaca
CE,Monsenhor Tabosa
CE,Morada Nova
CE,Moraujo
CE,Morrinhos
CE,Mucambo
CE,Mulungu
CE,Nova Olinda
CE,Nova Russas
CE,Novo Oriente
CE,Ocara
CE,Oros
CE,Pacajus
CE,Pacatuba
CE,Pacoti
CE,Pacuja
CE,Palhano
CE,Palmacia
CE,Paracuru
CE,Paraipaba
CE,Parambu
CE,Paramoti
CE,Pedra Branca
CE,Penaforte
CE,Pentecoste
CE,Pereiro
CE,Pindoretama
CE,Piquet Carneiro
CE,Pires Ferreira
CE,Poranga
CE,Porteiras
CE,Potengi
CE,Potiretama
CE,Quiterianopolis
CE,Quixada
CE,Quixelo
CE,Quixeramobim
CE,Quixere
CE,Redencao
CE,Reriutaba
CE,Russas
CE,Saboeiro
CE,Salitre
CE,Santa Quiteria
CE,Santana do Acarau
CE,Santana do Cariri
CE,Sao Benedito
CE,Sao Goncalo do Amarante
CE,Sao Joao do Jaguaribe
CE,Sao Luis do Curu
CE,Senador Pompeu
CE,Senador Sa
CE,Sobral
CE,Solonopole
CE,Tabuleiro do Norte
CE,Tamboril
CE,Tarrafas
CE,Taua
CE,Tejucuoca
CE,Tiangua
CE,Trairi
CE,Tururu
CE,Ubajara
CE,Umari
CE,Umirim
CE,Uruburetama
CE,Uruoca
CE,Varjota
CE,Varzea Alegre
CE,Vicosa do Ceara
RN,Acari
RN,Acu
RN,Afonso Bezerra
RN,Agua Nova
RN,Alexandria
RN,Almino Afonso
RN,Alto do Rodrigues
RN,Angicos
RN,Antonio Martins
RN,Apodi
RN,Areia Branca
RN,Ares
RN,Augusto Severo
RN,Baia Formosa
RN,Barauna
RN,Barcelona
RN,Bento Fernandes
RN,Bodo
RN,Bom Jesus
RN,Brejinho
RN,Caicara do Norte
RN,Caicara do Rio do Vento
RN,Caico
RN,Campo Redondo
RN,Canguaretama
RN,Caraubas
RN,Carnauba dos Dantas
RN,Carnaubais
RN,Ceara-Mirim
RN,Cerro Cora
RN,Coronel Ezequiel
RN,Coronel Joao Pessoa
RN,Cruzeta
RN,Currais Novos
RN,Doutor Severiano
RN,Encanto
RN,Equador
RN,Espirito Santo
RN,Extremoz
RN,Felipe Guerra
RN,Fernando Pedroza
RN,Florania
RN,Francisco Dantas
RN,Frutuoso Gomes
RN,Galinhos
RN,Goianinha
RN,Governador Dix-Sept Rosado
RN,Grossos
RN,Guamare
RN,Ielmo Marinho
RN,Ipanguacu
RN,Ipueira
RN,Itaja
RN,Itau
RN,Jacana
RN,Jandaira
RN,Janduis
RN,Januario Cicco
RN,Japi
RN,Jardim de Angicos
RN,Jardim de Piranhas
RN,Jardim do Serido
RN,Joao Camara
RN,Joao Dias
RN,Jose da Penha
RN,Jucurutu
RN,Jundia
RN,Lagoa d'Anta
RN,Lagoa de Pedras
RN,Lagoa de Velhos
RN,Lagoa Nova
RN,Lagoa Salgada
RN,Lajes
RN,Lajes Pintadas
RN,Lucrecia
RN,Luis Gomes
RN,Macaiba
RN,Macau
RN,Major Sales
RN,Marcelino Vieira
RN,Martins
RN,Maxaranguape
RN,Messias Targino
RN,Montanhas
RN,Monte Alegre
RN,Monte das Gameleiras
RN,Mossoro
RN,Natal
RN,Nisia Floresta
RN,Nova Cruz
RN,Olho-d'Agua do Borges
RN,Ouro Branco
RN,Parana
RN,Parau
RN,Parazinho
RN,Parelhas
RN,Parnamirim
RN,Passa e Fica
RN,Passagem
RN,Patu
RN,Pau dos Ferros
RN,Pedra Grande
RN,Pedra Preta
RN,Pedro Avelino
RN,Pedro Velho
RN,Pendencias
RN,Piloes
RN,Poco Branco
RN,Portalegre
RN,Porto do Mangue
RN,Serra Caiada***
RN,Pureza
RN,Rafael Fernandes
RN,Rafael Godeiro
RN,Riacho da Cruz
RN,Riacho de Santana
RN,Riachuelo
RN,Rio do Fogo
RN,Rodolfo Fernandes
RN,Ruy Barbosa
RN,Santa Cruz
RN,Santa Maria
RN,Santana do Matos
RN,Santana do Serido
RN,Santo Antonio
RN,Sao Bento do Norte
RN,Sao Bento do Trairi
RN,Sao Fernando
RN,Sao Francisco do Oeste
RN,Sao Goncalo do Amarante
RN,Sao Joao do Sabugi
RN,Sao Jose de Mipibu
RN,Sao Jose do Campestre
RN,Sao Jose do Serido
RN,Sao Miguel
RN,Sao Miguel do Gostoso
RN,Sao Paulo do Potengi
RN,Sao Pedro
RN,Sao Rafael
RN,Sao Tome
RN,Sao Vicente
RN,Senador Eloi de Souza
RN,Senador Georgino Avelino
RN,Serra de Sao Bento
RN,Serra do Mel
RN,Serra Negra do Norte
RN,Serrinha
RN,Serrinha dos Pintos
RN,Severiano Melo
RN,Sitio Novo
RN,Taboleiro Grande
RN,Taipu
RN,Tangara
RN,Tenente Ananias
RN,Tenente Laurentino Cruz
RN,Tibau
RN,Tibau do Sul
RN,Timbauba dos Batistas
RN,Touros
RN,Triunfo Potiguar
RN,Umarizal
RN,Upanema
RN,Varzea
RN,Venha-Ver
RN,Vera Cruz
RN,Vicosa
RN,Vila Flor
PB,Agua Branca
PB,Aguiar
PB,Alagoa Grande
PB,Alagoa Nova
PB,Alagoinha
PB,Alcantil
PB,Algodao de Jandaira
PB,Alhandra
PB,Amparo
PB,Aparecida
PB,Aracagi
PB,Arara
PB,Araruna
PB,Areia
PB,Areia de Baraunas
PB,Areial
PB,Aroeiras
PB,Assuncao
PB,Baia da Traicao
PB,Bananeiras
PB,Barauna
PB,Barra de Santa Rosa
PB,Barra de Santana
PB,Barra de Sao Miguel
PB,Bayeux
PB,Belem
PB,Belem do Brejo do Cruz
PB,Bernardino Batista
PB,Boa Ventura
PB,Boa Vista
PB,Bom Jesus
PB,Bom Sucesso
PB,Bonito de Santa Fe
PB,Boqueirao
PB,Borborema
PB,Brejo do Cruz
PB,Brejo dos Santos
PB,Caapora
PB,Cabaceiras
PB,Cabedelo
PB,Cachoeira dos Indios
PB,Cacimba de Areia
PB,Cacimba de Dentro
PB,Cacimbas
PB,Caicara
PB,Cajazeiras
PB,Cajazeirinhas
PB,Caldas Brandao
PB,Camalau
PB,Campina Grande
PB,Capim
PB,Caraubas
PB,Carrapateira
PB,Casserengue
PB,Catingueira
PB,Catole do Rocha
PB,Caturite
PB,Conceicao
PB,Condado
PB,Conde
PB,Congo
PB,Coremas
PB,Coxixola
PB,Cruz do Espirito Santo
PB,Cubati
PB,Cuite
PB,Cuite de Mamanguape
PB,Cuitegi
PB,Curral de Cima
PB,Curral Velho
PB,Damiao
PB,Desterro
PB,Diamante
PB,Dona Ines
PB,Duas Estradas
PB,Emas
PB,Esperanca
PB,Fagundes
PB,Frei Martinho
PB,Gado Bravo
PB,Guarabira
PB,Gurinhem
PB,Gurjao
PB,Ibiara
PB,Igaracy
PB,Imaculada
PB,Inga
PB,Itabaiana
PB,Itaporanga
PB,Itapororoca
PB,Itatuba
PB,Jacarau
PB,Jerico
PB,Joao Pessoa
PB,Joca Claudino
PB,Juarez Tavora
PB,Juazeirinho
PB,Junco do Serido
PB,Juripiranga
PB,Juru
PB,Lagoa
PB,Lagoa de Dentro
PB,Lagoa Seca
PB,Lastro
PB,Livramento
PB,Logradouro
PB,Lucena
PB,Mae d'Agua
PB,Malta
PB,Mamanguape
PB,Manaira
PB,Marcacao
PB,Mari
PB,Marizopolis
PB,Massaranduba
PB,Mataraca
PB,Matinhas
PB,Mato Grosso
PB,Matureia
PB,Mogeiro
PB,Montadas
PB,Monte Horebe
PB,Monteiro
PB,Mulungu
PB,Natuba
PB,Nazarezinho
PB,Nova Floresta
PB,Nova Olinda
PB,Nova Palmeira
PB,Olho d'Agua
PB,Olivedos
PB,Ouro Velho
PB,Parari
PB,Passagem
PB,Patos
PB,Paulista
PB,Pedra Branca
PB,Pedra Lavrada
PB,Pedras de Fogo
PB,Pedro Regis
PB,Pianco
PB,Picui
PB,Pilar
PB,Piloes
PB,Piloezinhos
PB,Pirpirituba
PB,Pitimbu
PB,Pocinhos
PB,Poco Dantas
PB,Poco de Jose de Moura
PB,Pombal
PB,Prata
PB,Princesa Isabel
PB,Puxinana
PB,Queimadas
PB,Quixaba
PB,Remigio
PB,Riachao
PB,Riachao do Bacamarte
PB,Riachao do Poco
PB,Riacho de Santo Antonio
PB,Riacho dos Cavalos
PB,Rio Tinto
PB,Salgadinho
PB,Salgado de Sao Felix
PB,Santa Cecilia
PB,Santa Cruz
PB,Santa Helena
PB,Santa Ines
PB,Santa Luzia
PB,Santa Rita
PB,Santa Teresinha
PB,Santana de Mangueira
PB,Santana dos Garrotes
PB,Santo Andre
PB,Sao Bentinho
PB,Sao Bento
PB,Sao Domingos de Pombal
PB,Sao Domingos do Cariri
PB,Sao Francisco
PB,Sao Joao do Cariri
PB,Sao Joao do Rio do Peixe
PB,Sao Joao do Tigre
PB,Sao Jose da Lagoa Tapada
PB,Sao Jose de Caiana
PB,Sao Jose de Espinharas
PB,Sao Jose de Piranhas
PB,Sao Jose de Princesa
PB,Sao Jose do Bonfim
PB,Sao Jose do Brejo do Cruz
PB,Sao Jose do Sabugi
PB,Sao Jose dos Cordeiros
PB,Sao Jose dos Ramos
PB,Sao Mamede
PB,Sao Miguel de Taipu
PB,Sao Sebastiao de Lagoa de Roca
PB,Sao Sebastiao do Umbuzeiro
PB,Sape
PB,Serido
PB,Serra Branca
PB,Serra da Raiz
PB,Serra Grande
PB,Serra Redonda
PB,Serraria
PB,Sertaozinho
PB,Sobrado
PB,Solanea
PB,Soledade
PB,Sossego
PB,Sousa
PB,Sume
PB,Tacima
PB,Taperoa
PB,Tavares
PB,Teixeira
PB,Tenorio
PB,Triunfo
PB,Uirauna
PB,Umbuzeiro
PB,Varzea
PB,Vieiropolis
PB,Vista Serrana
PB,Zabele
PE,Abreu e Lima
PE,Afogados da Ingazeira
PE,Afranio
PE,Agrestina
PE,Agua Preta
PE,Aguas Belas
PE,Alagoinha
PE,Alianca
PE,Altinho
PE,Amaraji
PE,Angelim
PE,Aracoiaba
PE,Araripina
PE,Arcoverde
PE,Barra de Guabiraba
PE,Barreiros
PE,Belem de Maria
PE,Belem de Sao Francisco
PE,Belo Jardim
PE,Betania
PE,Bezerros
PE,Bodoco
PE,Bom Conselho
PE,Bom Jardim
PE,Bonito
PE,Brejao
PE,Brejinho
PE,Brejo da Madre de Deus
PE,Buenos Aires
PE,Buique
PE,Cabo de Santo Agostinho
PE,Cabrobo
PE,Cachoeirinha
PE,Caetes
PE,Calcado
PE,Calumbi
PE,Camaragibe
PE,Camocim de Sao Felix
PE,Camutanga
PE,Canhotinho
PE,Capoeiras
PE,Carnaiba
PE,Carnaubeira da Penha
PE,Carpina
PE,Caruaru
PE,Casinhas
PE,Catende
PE,Cedro
PE,Cha de Alegria
PE,Cha Grande
PE,Condado
PE,Correntes
PE,Cortes
PE,Cumaru
PE,Cupira
PE,Custodia
PE,Dormentes
PE,Escada
PE,Exu
PE,Feira Nova
PE,Fernando de Noronha
PE,Ferreiros
PE,Flores
PE,Floresta
PE,Frei Miguelinho
PE,Gameleira
PE,Garanhuns
PE,Gloria do Goita
PE,Goiana
PE,Granito
PE,Gravata
PE,Iati
PE,Ibimirim
PE,Ibirajuba
PE,Igarassu
PE,Iguaraci
PE,Ilha de Itamaraca
PE,Inaja
PE,Ingazeira
PE,Ipojuca
PE,Ipubi
PE,Itacuruba
PE,Itaiba
PE,Itambe
PE,Itapetim
PE,Itapissuma
PE,Itaquitinga
PE,Jaboatao dos Guararapes
PE,Jaqueira
PE,Jatauba
PE,Jatoba
PE,Joao Alfredo
PE,Joaquim Nabuco
PE,Jucati
PE,Jupi
PE,Jurema
PE,Lagoa do Carro
PE,Lagoa do Itaenga
PE,Lagoa do Ouro
PE,Lagoa dos Gatos
PE,Lagoa Grande
PE,Lajedo
PE,Limoeiro
PE,Macaparana
PE,Machados
PE,Manari
PE,Maraial
PE,Mirandiba
PE,Moreilandia
PE,Moreno
PE,Nazare da Mata
PE,Olinda
PE,Orobo
PE,Oroco
PE,Ouricuri
PE,Palmares
PE,Palmeirina
PE,Panelas
PE,Paranatama
PE,Parnamirim
PE,Passira
PE,Paudalho
PE,Paulista
PE,Pedra
PE,Pesqueira
PE,Petrolandia
PE,Petrolina
PE,Pocao
PE,Pombos
PE,Primavera
PE,Quipapa
PE,Quixaba
PE,Recife
PE,Riacho das Almas
PE,Ribeirao
PE,Rio Formoso
PE,Saire
PE,Salgadinho
PE,Salgueiro
PE,Saloa
PE,Sanharo
PE,Santa Cruz
PE,Santa Cruz da Baixa Verde
PE,Santa Cruz do Capibaribe
PE,Santa Filomena
PE,Santa Maria da Boa Vista
PE,Santa Maria do Cambuca
PE,Santa Terezinha
PE,Sao Benedito do Sul
PE,Sao Bento do Una
PE,Sao Caitano
PE,Sao Joao
PE,Sao Joaquim do Monte
PE,Sao Jose da Coroa Grande
PE,Sao Jose do Belmonte
PE,Sao Jose do Egito
PE,Sao Lourenco da Mata
PE,Sao Vicente Ferrer
PE,Serra Talhada
PE,Serrita
PE,Sertania
PE,Sirinhaem
PE,Solidao
PE,Surubim
PE,Tabira
PE,Tacaimbo
PE,Tacaratu
PE,Tamandare
PE,Taquaritinga do Norte
PE,Terezinha
PE,Terra Nova
PE,Timbauba
PE,Toritama
PE,Tracunhaem
PE,Trindade
PE,Triunfo
PE,Tupanatinga
PE,Tuparetama
PE,Venturosa
PE,Verdejante
PE,Vertente do Lerio
PE,Vertentes
PE,Vicencia
PE,Vitoria de Santo Antao
PE,Xexeu
AL,Agua Branca
AL,Anadia
AL,Arapiraca
AL,Atalaia
AL,Barra de Santo Antonio
AL,Barra de Sao Miguel
AL,Batalha
AL,Belem
AL,Belo Monte
AL,Boca da Mata
AL,Branquinha
AL,Cacimbinhas
AL,Cajueiro
AL,Campestre
AL,Campo Alegre
AL,Campo Grande
AL,Canapi
AL,Capela
AL,Carneiros
AL,Cha Preta
AL,Coite do Noia
AL,Colonia Leopoldina
AL,Coqueiro Seco
AL,Coruripe
AL,Craibas
AL,Delmiro Gouveia
AL,Dois Riachos
AL,Estrela de Alagoas
AL,Feira Grande
AL,Feliz Deserto
AL,Flexeiras
AL,Girau do Ponciano
AL,Ibateguara
AL,Igaci
AL,Igreja Nova
AL,Inhapi
AL,Jacare dos Homens
AL,Jacuipe
AL,Japaratinga
AL,Jaramataia
AL,Jequia da Praia
AL,Joaquim Gomes
AL,Jundia
AL,Junqueiro
AL,Lagoa da Canoa
AL,Limoeiro de Anadia
AL,Maceio
AL,Major Isidoro
AL,Mar Vermelho
AL,Maragogi
AL,Maravilha
AL,Marechal Deodoro
AL,Maribondo
AL,Mata Grande
AL,Matriz de Camaragibe
AL,Messias
AL,Minador do Negrao
AL,Monteiropolis
AL,Murici
AL,Novo Lino
AL,Olho d'Agua das Flores
AL,Olho d'Agua do Casado
AL,Olho d'Agua Grande
AL,Olivenca
AL,Ouro Branco
AL,Palestina
AL,Palmeira dos Indios
AL,Pao de Acucar
AL,Pariconha
AL,Paripueira
AL,Passo de Camaragibe
AL,Paulo Jacinto
AL,Penedo
AL,Piacabucu
AL,Pilar
AL,Pindoba
AL,Piranhas
AL,Poco das Trincheiras
AL,Porto Calvo
AL,Porto de Pedras
AL,Porto Real do Colegio
AL,Quebrangulo
AL,Rio Largo
AL,Roteiro
AL,Santa Luzia do Norte
AL,Santana do Ipanema
AL,Santana do Mundau
AL,Sao Bras
AL,Sao Jose da Laje
AL,Sao Jose da Tapera
AL,Sao Luis do Quitunde
AL,Sao Miguel dos Campos
AL,Sao Miguel dos Milagres
AL,Sao Sebastiao
AL,Satuba
AL,Senador Rui Palmeira
AL,Tanque d'Arca
AL,Taquarana
AL,Teotonio Vilela
AL,Traipu
AL,Uniao dos Palmares
AL,Vicosa
SE,Amparo de Sao Francisco
SE,Aquidaba
SE,Aracaju
SE,Araua
SE,Areia Branca
SE,Barra dos Coqueiros
SE,Boquim
SE,Brejo Grande
SE,Campo do Brito
SE,Canhoba
SE,Caninde de Sao Francisco
SE,Capela
SE,Carira
SE,Carmopolis
SE,Cedro de Sao Joao
SE,Cristinapolis
SE,Cumbe
SE,Divina Pastora
SE,Estancia
SE,Feira Nova
SE,Frei Paulo
SE,Gararu
SE,General Maynard
SE,Gracho Cardoso
SE,Ilha das Flores
SE,Indiaroba
SE,Itabaiana
SE,Itabaianinha
SE,Itabi
SE,Itaporanga d'Ajuda
SE,Japaratuba
SE,Japoata
SE,Lagarto
SE,Laranjeiras
SE,Macambira
SE,Malhada dos Bois
SE,Malhador
SE,Maruim
SE,Moita Bonita
SE,Monte Alegre de Sergipe
SE,Muribeca
SE,Neopolis
SE,Nossa Senhora Aparecida
SE,Nossa Senhora da Gloria
SE,Nossa Senhora das Dores
SE,Nossa Senhora de Lourdes
SE,Nossa Senhora do Socorro
SE,Pacatuba
SE,Pedra Mole
SE,Pedrinhas
SE,Pinhao
SE,Pirambu
SE,Poco Redondo
SE,Poco Verde
SE,Porto da Folha
SE,Propria
SE,Riachao do Dantas
SE,Riachuelo
SE,Ribeiropolis
SE,Rosario do Catete
SE,Salgado
SE,Santa Luzia do Itanhy
SE,Santa Rosa de Lima
SE,Santana do Sao Francisco
SE,Santo Amaro das Brotas
SE,Sao Cristovao
SE,Sao Domingos
SE,Sao Francisco
SE,Sao Miguel do Aleixo
SE,Simao Dias
SE,Siriri
SE,Telha
SE,Tobias Barreto
SE,Tomar do Geru
SE,Umbauba
BA,Abaira
BA,Abare
BA,Acajutiba
BA,Adustina
BA,Agua Fria
BA,Aiquara
BA,Alagoinhas
BA,Alcobaca
BA,Almadina
BA,Amargosa
BA,Amelia Rodrigues
BA,America Dourada
BA,Anage
BA,Andarai
BA,Andorinha
BA,Angical
BA,Anguera
BA,Antas
BA,Antonio Cardoso
BA,Antonio Goncalves
BA,Apora
BA,Apuarema
BA,Aracas
BA,Aracatu
BA,Araci
BA,Aramari
BA,Arataca
BA,Aratuipe
BA,Aurelino Leal
BA,Baianopolis
BA,Baixa Grande
BA,Banzae
BA,Barra
BA,Barra da Estiva
BA,Barra do Choca
BA,Barra do Mendes
BA,Barra do Rocha
BA,Barreiras
BA,Barro Alto
BA,Barro Preto
BA,Barrocas
BA,Belmonte
BA,Belo Campo
BA,Biritinga
BA,Boa Nova
BA,Boa Vista do Tupim
BA,Bom Jesus da Lapa
BA,Bom Jesus da Serra
BA,Boninal
BA,Bonito
BA,Boquira
BA,Botupora
BA,Brejoes
BA,Brejolandia
BA,Brotas de Macaubas
BA,Brumado
BA,Buerarema
BA,Buritirama
BA,Caatiba
BA,Cabaceiras do Paraguacu
BA,Cachoeira
BA,Cacule
BA,Caem
BA,Caetanos
BA,Caetite
BA,Cafarnaum
BA,Cairu
BA,Caldeirao Grande
BA,Camacan
BA,Camacari
BA,Camamu
BA,Campo Alegre de Lourdes
BA,Campo Formoso
BA,Canapolis
BA,Canarana
BA,Canavieiras
BA,Candeal
BA,Candeias
BA,Candiba
BA,Candido Sales
BA,Cansancao
BA,Canudos
BA,Capela do Alto Alegre
BA,Capim Grosso
BA,Caraibas
BA,Caravelas
BA,Cardeal da Silva
BA,Carinhanha
BA,Casa Nova
BA,Castro Alves
BA,Catolandia
BA,Catu
BA,Caturama
BA,Central
BA,Chorrocho
BA,Cicero Dantas
BA,Cipo
BA,Coaraci
BA,Cocos
BA,Conceicao da Feira
BA,Conceicao do Almeida
BA,Conceicao do Coite
BA,Conceicao do Jacuipe
BA,Conde
BA,Condeuba
BA,Contendas do Sincora
BA,Coracao de Maria
BA,Cordeiros
BA,Coribe
BA,Coronel Joao Sa
BA,Correntina
BA,Cotegipe
BA,Cravolandia
BA,Crisopolis
BA,Cristopolis
BA,Cruz das Almas
BA,Curaca
BA,Dario Meira
BA,Dias d'Avila
BA,Dom Basilio
BA,Dom Macedo Costa
BA,Elisio Medrado
BA,Encruzilhada
BA,Entre Rios
BA,Erico Cardoso
BA,Esplanada
BA,Euclides da Cunha
BA,Eunapolis
BA,Fatima
BA,Feira da Mata
BA,Feira de Santana
BA,Filadelfia
BA,Firmino Alves
BA,Floresta Azul
BA,Formosa do Rio Preto
BA,Gandu
BA,Gaviao
BA,Gentio do Ouro
BA,Gloria
BA,Gongogi
BA,Governador Mangabeira
BA,Guajeru
BA,Guanambi
BA,Guaratinga
BA,Heliopolis
BA,Iacu
BA,Ibiassuce
BA,Ibicarai
BA,Ibicoara
BA,Ibicui
BA,Ibipeba
BA,Ibipitanga
BA,Ibiquera
BA,Ibirapitanga
BA,Ibirapua
BA,Ibirataia
BA,Ibitiara
BA,Ibitita
BA,Ibotirama
BA,Ichu
BA,Igapora
BA,Igrapiuna
BA,Iguai
BA,Ilheus
BA,Inhambupe
BA,Ipecaeta
BA,Ipiau
BA,Ipira
BA,Ipupiara
BA,Irajuba
BA,Iramaia
BA,Iraquara
BA,Irara
BA,Irece
BA,Itabela
BA,Itaberaba
BA,Itabuna
BA,Itacare
BA,Itaete
BA,Itagi
BA,Itagiba
BA,Itagimirim
BA,Itaguacu da Bahia
BA,Itaju do Colonia
BA,Itajuipe
BA,Itamaraju
BA,Itamari
BA,Itambe
BA,Itanagra
BA,Itanhem
BA,Itaparica
BA,Itape
BA,Itapebi
BA,Itapetinga
BA,Itapicuru
BA,Itapitanga
BA,Itaquara
BA,Itarantim
BA,Itatim
BA,Itirucu
BA,Itiuba
BA,Itororo
BA,Ituacu
BA,Itubera
BA,Iuiu
BA,Jaborandi
BA,Jacaraci
BA,Jacobina
BA,Jaguaquara
BA,Jaguarari
BA,Jaguaripe
BA,Jandaira
BA,Jequie
BA,Jeremoabo
BA,Jiquirica
BA,Jitauna
BA,Joao Dourado
BA,Juazeiro
BA,Jucurucu
BA,Jussara
BA,Jussari
BA,Jussiape
BA,Lafaiete Coutinho
BA,Lagoa Real
BA,Laje
BA,Lajedao
BA,Lajedinho
BA,Lajedo do Tabocal
BA,Lamarao
BA,Lapao
BA,Lauro de Freitas
BA,Lencois
BA,Licinio de Almeida
BA,Livramento de Nossa Senhora
BA,Luis Eduardo Magalhaes
BA,Macajuba
BA,Macarani
BA,Macaubas
BA,Macurure
BA,Madre de Deus
BA,Maetinga
BA,Maiquinique
BA,Mairi
BA,Malhada
BA,Malhada de Pedras
BA,Manoel Vitorino
BA,Mansidao
BA,Maracas
BA,Maragogipe
BA,Marau
BA,Marcionilio Souza
BA,Mascote
BA,Mata de Sao Joao
BA,Matina
BA,Medeiros Neto
BA,Miguel Calmon
BA,Milagres
BA,Mirangaba
BA,Mirante
BA,Monte Santo
BA,Morpara
BA,Morro do Chapeu
BA,Mortugaba
BA,Mucuge
BA,Mucuri
BA,Mulungu do Morro
BA,Mundo Novo
BA,Muniz Ferreira
BA,Muquem de Sao Francisco
BA,Muritiba
BA,Mutuipe
BA,Nazare
BA,Nilo Pecanha
BA,Nordestina
BA,Nova Canaa
BA,Nova Fatima
BA,Nova Ibia
BA,Nova Itarana
BA,Nova Redencao
BA,Nova Soure
BA,Nova Vicosa
BA,Novo Horizonte
BA,Novo Triunfo
BA,Olindina
BA,Oliveira dos Brejinhos
BA,Ouricangas
BA,Ourolandia
BA,Palmas de Monte Alto
BA,Palmeiras
BA,Paramirim
BA,Paratinga
BA,Paripiranga
BA,Pau Brasil
BA,Paulo Afonso
BA,Pe de Serra
BA,Pedrao
BA,Pedro Alexandre
BA,Piata
BA,Pilao Arcado
BA,Pindai
BA,Pindobacu
BA,Pintadas
BA,Pirai do Norte
BA,Piripa
BA,Piritiba
BA,Planaltino
BA,Planalto
BA,Pocoes
BA,Pojuca
BA,Ponto Novo
BA,Porto Seguro
BA,Potiragua
BA,Prado
BA,Presidente Dutra
BA,Presidente Janio Quadros
BA,Presidente Tancredo Neves
BA,Queimadas
BA,Quijingue
BA,Quixabeira
BA,Rafael Jambeiro
BA,Remanso
BA,Retirolandia
BA,Riachao das Neves
BA,Riachao do Jacuipe
BA,Riacho de Santana
BA,Ribeira do Amparo
BA,Ribeira do Pombal
BA,Ribeirao do Largo
BA,Rio de Contas
BA,Rio do Antonio
BA,Rio do Pires
BA,Rio Real
BA,Rodelas
BA,Ruy Barbosa
BA,Salinas da Margarida
BA,Salvador
BA,Santa Barbara
BA,Santa Brigida
BA,Santa Cruz Cabralia
BA,Santa Cruz da Vitoria
BA,Santa Ines
BA,Santa Luzia
BA,Santa Maria da Vitoria
BA,Santa Rita de Cassia
BA,Santa Teresinha
BA,Santaluz
BA,Santana
BA,Santanopolis
BA,Santo Amaro
BA,Santo Antonio de Jesus
BA,Santo Estevao
BA,Sao Desiderio
BA,Sao Domingos
BA,Sao Felipe
BA,Sao Felix
BA,Sao Felix do Coribe
BA,Sao Francisco do Conde
BA,Sao Gabriel
BA,Sao Goncalo dos Campos
BA,Sao Jose da Vitoria
BA,Sao Jose do Jacuipe
BA,Sao Miguel das Matas
BA,Sao Sebastiao do Passe
BA,Sapeacu
BA,Satiro Dias
BA,Saubara
BA,Saude
BA,Seabra
BA,Sebastiao Laranjeiras
BA,Senhor do Bonfim
BA,Sento Se
BA,Serra do Ramalho
BA,Serra Dourada
BA,Serra Preta
BA,Serrinha
BA,Serrolandia
BA,Simoes Filho
BA,Sitio do Mato
BA,Sitio do Quinto
BA,Sobradinho
BA,Souto Soares
BA,Tabocas do Brejo Velho
BA,Tanhacu
BA,Tanque Novo
BA,Tanquinho
BA,Taperoa
BA,Tapiramuta
BA,Teixeira de Freitas
BA,Teodoro Sampaio
BA,Teofilandia
BA,Teolandia
BA,Terra Nova
BA,Tremedal
BA,Tucano
BA,Uaua
BA,Ubaira
BA,Ubaitaba
BA,Ubata
BA,Uibai
BA,Umburanas
BA,Una
BA,Urandi
BA,Urucuca
BA,Utinga
BA,Valenca
BA,Valente
BA,Varzea da Roca
BA,Varzea do Poco
BA,Varzea Nova
BA,Varzedo
BA,Vera Cruz
BA,Vereda
BA,Vitoria da Conquista
BA,Wagner
BA,Wanderley
BA,Wenceslau Guimaraes
BA,Xique-Xique
MG,Abadia dos Dourados
MG,Abaete
MG,Abre Campo
MG,Acaiaca
MG,Acucena
MG,Agua Boa
MG,Agua Comprida
MG,Aguanil
MG,Aguas Formosas
MG,Aguas Vermelhas
MG,Aimores
MG,Aiuruoca
MG,Alagoa
MG,Albertina
MG,Alem Paraiba
MG,Alfenas
MG,Alfredo Vasconcelos
MG,Almenara
MG,Alpercata
MG,Alpinopolis
MG,Alterosa
MG,Alto Caparao
MG,Alto Jequitiba
MG,Alto Rio Doce
MG,Alvarenga
MG,Alvinopolis
MG,Alvorada de Minas
MG,Amparo do Serra
MG,Andradas
MG,Andrelandia
MG,Angelandia
MG,Antonio Carlos
MG,Antonio Dias
MG,Antonio Prado de Minas
MG,Aracai
MG,Aracitaba
MG,Aracuai
MG,Araguari
MG,Arantina
MG,Araponga
MG,Arapora
MG,Arapua
MG,Araujos
MG,Araxa
MG,Arceburgo
MG,Arcos
MG,Areado
MG,Argirita
MG,Aricanduva
MG,Arinos
MG,Astolfo Dutra
MG,Ataleia
MG,Augusto de Lima
MG,Baependi
MG,Baldim
MG,Bambui
MG,Bandeira
MG,Bandeira do Sul
MG,Barao de Cocais
MG,Barao de Monte Alto
MG,Barbacena
MG,Barra Longa
MG,Barroso
MG,Bela Vista de Minas
MG,Belmiro Braga
MG,Belo Horizonte
MG,Belo Oriente
MG,Belo Vale
MG,Berilo
MG,Berizal
MG,Bertopolis
MG,Betim
MG,Bias Fortes
MG,Bicas
MG,Biquinhas
MG,Boa Esperanca
MG,Bocaina de Minas
MG,Bocaiuva
MG,Bom Despacho
MG,Bom Jardim de Minas
MG,Bom Jesus da Penha
MG,Bom Jesus do Amparo
MG,Bom Jesus do Galho
MG,Bom Repouso
MG,Bom Sucesso
MG,Bonfim
MG,Bonfinopolis de Minas
MG,Bonito de Minas
MG,Borda da Mata
MG,Botelhos
MG,Botumirim
MG,Bras Pires
MG,Brasilandia de Minas
MG,Brasilia de Minas
MG,Brasopolis
MG,Braunas
MG,Brumadinho
MG,Bueno Brandao
MG,Buenopolis
MG,Bugre
MG,Buritis
MG,Buritizeiro
MG,Cabeceira Grande
MG,Cabo Verde
MG,Cachoeira da Prata
MG,Cachoeira de Minas
MG,Cachoeira de Pajeu
MG,Cachoeira Dourada
MG,Caetanopolis
MG,Caete
MG,Caiana
MG,Cajuri
MG,Caldas
MG,Camacho
MG,Camanducaia
MG,Cambui
MG,Cambuquira
MG,Campanario
MG,Campanha
MG,Campestre
MG,Campina Verde
MG,Campo Azul
MG,Campo Belo
MG,Campo do Meio
MG,Campo Florido
MG,Campos Altos
MG,Campos Gerais
MG,Cana Verde
MG,Canaa
MG,Canapolis
MG,Candeias
MG,Cantagalo
MG,Caparao
MG,Capela Nova
MG,Capelinha
MG,Capetinga
MG,Capim Branco
MG,Capinopolis
MG,Capitao Andrade
MG,Capitao Eneas
MG,Capitolio
MG,Caputira
MG,Carai
MG,Caranaiba
MG,Carandai
MG,Carangola
MG,Caratinga
MG,Carbonita
MG,Careacu
MG,Carlos Chagas
MG,Carmesia
MG,Carmo da Cachoeira
MG,Carmo da Mata
MG,Carmo de Minas
MG,Carmo do Cajuru
MG,Carmo do Paranaiba
MG,Carmo do Rio Claro
MG,Carmopolis de Minas
MG,Carneirinho
MG,Carrancas
MG,Carvalhopolis
MG,Carvalhos
MG,Casa Grande
MG,Cascalho Rico
MG,Cassia
MG,Cataguases
MG,Catas Altas
MG,Catas Altas da Noruega
MG,Catuji
MG,Catuti
MG,Caxambu
MG,Cedro do Abaete
MG,Central de Minas
MG,Centralina
MG,Chacara
MG,Chale
MG,Chapada do Norte
MG,Chapada Gaucha
MG,Chiador
MG,Cipotanea
MG,Claraval
MG,Claro dos Pocoes
MG,Claudio
MG,Coimbra
MG,Coluna
MG,Comendador Gomes
MG,Comercinho
MG,Conceicao da Aparecida
MG,Conceicao da Barra de Minas
MG,Conceicao das Alagoas
MG,Conceicao das Pedras
MG,Conceicao de Ipanema
MG,Conceicao do Mato Dentro
MG,Conceicao do Para
MG,Conceicao do Rio Verde
MG,Conceicao dos Ouros
MG,Conego Marinho
MG,Confins
MG,Congonhal
MG,Congonhas
MG,Congonhas do Norte
MG,Conquista
MG,Conselheiro Lafaiete
MG,Conselheiro Pena
MG,Consolacao
MG,Contagem
MG,Coqueiral
MG,Coracao de Jesus
MG,Cordisburgo
MG,Cordislandia
MG,Corinto
MG,Coroaci
MG,Coromandel
MG,Coronel Fabriciano
MG,Coronel Murta
MG,Coronel Pacheco
MG,Coronel Xavier Chaves
MG,Corrego Danta
MG,Corrego do Bom Jesus
MG,Corrego Fundo
MG,Corrego Novo
MG,Couto de Magalhaes de Minas
MG,Crisolita
MG,Cristais
MG,Cristalia
MG,Cristiano Otoni
MG,Cristina
MG,Crucilandia
MG,Cruzeiro da Fortaleza
MG,Cruzilia
MG,Cuparaque
MG,Curral de Dentro
MG,Curvelo
MG,Datas
MG,Delfim Moreira
MG,Delfinopolis
MG,Delta
MG,Descoberto
MG,Desterro de Entre Rios
MG,Desterro do Melo
MG,Diamantina
MG,Diogo de Vasconcelos
MG,Dionisio
MG,Divinesia
MG,Divino
MG,Divino das Laranjeiras
MG,Divinolandia de Minas
MG,Divinopolis
MG,Divisa Alegre
MG,Divisa Nova
MG,Divisopolis
MG,Dom Bosco
MG,Dom Cavati
MG,Dom Joaquim
MG,Dom Silverio
MG,Dom Vicoso
MG,Dona Eusebia
MG,Dores de Campos
MG,Dores de Guanhaes
MG,Dores do Indaia
MG,Dores do Turvo
MG,Doresopolis
MG,Douradoquara
MG,Durande
MG,Eloi Mendes
MG,Engenheiro Caldas
MG,Engenheiro Navarro
MG,Entre Folhas
MG,Entre Rios de Minas
MG,Ervalia
MG,Esmeraldas
MG,Espera Feliz
MG,Espinosa
MG,Espirito Santo do Dourado
MG,Estiva
MG,Estrela Dalva
MG,Estrela do Indaia
MG,Estrela do Sul
MG,Eugenopolis
MG,Ewbank da Camara
MG,Extrema
MG,Fama
MG,Faria Lemos
MG,Felicio dos Santos
MG,Felisburgo
MG,Felixlandia
MG,Fernandes Tourinho
MG,Ferros
MG,Fervedouro
MG,Florestal
MG,Formiga
MG,Formoso
MG,Fortaleza de Minas
MG,Fortuna de Minas
MG,Francisco Badaro
MG,Francisco Dumont
MG,Francisco Sa
MG,Franciscopolis
MG,Frei Gaspar
MG,Frei Inocencio
MG,Frei Lagonegro
MG,Fronteira
MG,Fronteira dos Vales
MG,Fruta de Leite
MG,Frutal
MG,Funilandia
MG,Galileia
MG,Gameleiras
MG,Glaucilandia
MG,Goiabeira
MG,Goiana
MG,Goncalves
MG,Gonzaga
MG,Gouveia
MG,Governador Valadares
MG,Grao Mogol
MG,Grupiara
MG,Guanhaes
MG,Guape
MG,Guaraciaba
MG,Guaraciama
MG,Guaranesia
MG,Guarani
MG,Guarara
MG,Guarda-Mor
MG,Guaxupe
MG,Guidoval
MG,Guimarania
MG,Guiricema
MG,Gurinhata
MG,Heliodora
MG,Iapu
MG,Ibertioga
MG,Ibia
MG,Ibiai
MG,Ibiracatu
MG,Ibiraci
MG,Ibirite
MG,Ibitiura de Minas
MG,Ibituruna
MG,Icarai de Minas
MG,Igarape
MG,Igaratinga
MG,Iguatama
MG,Ijaci
MG,Ilicinea
MG,Imbe de Minas
MG,Inconfidentes
MG,Indaiabira
MG,Indianopolis
MG,Ingai
MG,Inhapim
MG,Inhauma
MG,Inimutaba
MG,Ipaba
MG,Ipanema
MG,Ipatinga
MG,Ipiacu
MG,Ipuiuna
MG,Irai de Minas
MG,Itabira
MG,Itabirinha
MG,Itabirito
MG,Itacambira
MG,Itacarambi
MG,Itaguara
MG,Itaipe
MG,Itajuba
MG,Itamarandiba
MG,Itamarati de Minas
MG,Itambacuri
MG,Itambe do Mato Dentro
MG,Itamogi
MG,Itamonte
MG,Itanhandu
MG,Itanhomi
MG,Itaobim
MG,Itapagipe
MG,Itapecerica
MG,Itapeva
MG,Itatiaiucu
MG,Itau de Minas
MG,Itauna
MG,Itaverava
MG,Itinga
MG,Itueta
MG,Ituiutaba
MG,Itumirim
MG,Iturama
MG,Itutinga
MG,Jaboticatubas
MG,Jacinto
MG,Jacui
MG,Jacutinga
MG,Jaguaracu
MG,Jaiba
MG,Jampruca
MG,Janauba
MG,Januaria
MG,Japaraiba
MG,Japonvar
MG,Jeceaba
MG,Jenipapo de Minas
MG,Jequeri
MG,Jequitai
MG,Jequitiba
MG,Jequitinhonha
MG,Jesuania
MG,Joaima
MG,Joanesia
MG,Joao Monlevade
MG,Joao Pinheiro
MG,Joaquim Felicio
MG,Jordania
MG,Jose Goncalves de Minas
MG,Jose Raydan
MG,Josenopolis
MG,Juatuba
MG,Juiz de Fora
MG,Juramento
MG,Juruaia
MG,Juvenilia
MG,Ladainha
MG,Lagamar
MG,Lagoa da Prata
MG,Lagoa dos Patos
MG,Lagoa Dourada
MG,Lagoa Formosa
MG,Lagoa Grande
MG,Lagoa Santa
MG,Lajinha
MG,Lambari
MG,Lamim
MG,Laranjal
MG,Lassance
MG,Lavras
MG,Leandro Ferreira
MG,Leme do Prado
MG,Leopoldina
MG,Liberdade
MG,Lima Duarte
MG,Limeira do Oeste
MG,Lontra
MG,Luisburgo
MG,Luislandia
MG,Luminarias
MG,Luz
MG,Machacalis
MG,Machado
MG,Madre de Deus de Minas
MG,Malacacheta
MG,Mamonas
MG,Manga
MG,Manhuacu
MG,Manhumirim
MG,Mantena
MG,Mar de Espanha
MG,Maravilhas
MG,Maria da Fe
MG,Mariana
MG,Marilac
MG,Mario Campos
MG,Maripa de Minas
MG,Marlieria
MG,Marmelopolis
MG,Martinho Campos
MG,Martins Soares
MG,Mata Verde
MG,Materlandia
MG,Mateus Leme
MG,Mathias Lobato
MG,Matias Barbosa
MG,Matias Cardoso
MG,Matipo
MG,Mato Verde
MG,Matozinhos
MG,Matutina
MG,Medeiros
MG,Medina
MG,Mendes Pimentel
MG,Merces
MG,Mesquita
MG,Minas Novas
MG,Minduri
MG,Mirabela
MG,Miradouro
MG,Mirai
MG,Miravania
MG,Moeda
MG,Moema
MG,Monjolos
MG,Monsenhor Paulo
MG,Montalvania
MG,Monte Alegre de Minas
MG,Monte Azul
MG,Monte Belo
MG,Monte Carmelo
MG,Monte Formoso
MG,Monte Santo de Minas
MG,Monte Siao
MG,Montes Claros
MG,Montezuma
MG,Morada Nova de Minas
MG,Morro da Garca
MG,Morro do Pilar
MG,Munhoz
MG,Muriae
MG,Mutum
MG,Muzambinho
MG,Nacip Raydan
MG,Nanuque
MG,Naque
MG,Natalandia
MG,Natercia
MG,Nazareno
MG,Nepomuceno
MG,Ninheira
MG,Nova Belem
MG,Nova Era
MG,Nova Lima
MG,Nova Modica
MG,Nova Ponte
MG,Nova Porteirinha
MG,Nova Resende
MG,Nova Serrana
MG,Nova Uniao
MG,Novo Cruzeiro
MG,Novo Oriente de Minas
MG,Novorizonte
MG,Olaria
MG,Olhos-d'Agua
MG,Olimpio Noronha
MG,Oliveira
MG,Oliveira Fortes
MG,Onca de Pitangui
MG,Oratorios
MG,Orizania
MG,Ouro Branco
MG,Ouro Fino
MG,Ouro Preto
MG,Ouro Verde de Minas
MG,Padre Carvalho
MG,Padre Paraiso
MG,Pai Pedro
MG,Paineiras
MG,Pains
MG,Paiva
MG,Palma
MG,Palmopolis
MG,Papagaios
MG,Para de Minas
MG,Paracatu
MG,Paraguacu
MG,Paraisopolis
MG,Paraopeba
MG,Passa Quatro
MG,Passa Tempo
MG,Passabem
MG,Passa-Vinte
MG,Passos
MG,Patis
MG,Patos de Minas
MG,Patrocinio
MG,Patrocinio do Muriae
MG,Paula Candido
MG,Paulistas
MG,Pavao
MG,Pecanha
MG,Pedra Azul
MG,Pedra Bonita
MG,Pedra do Anta
MG,Pedra do Indaia
MG,Pedra Dourada
MG,Pedralva
MG,Pedras de Maria da Cruz
MG,Pedrinopolis
MG,Pedro Leopoldo
MG,Pedro Teixeira
MG,Pequeri
MG,Pequi
MG,Perdigao
MG,Perdizes
MG,Perdoes
MG,Periquito
MG,Pescador
MG,Piau
MG,Piedade de Caratinga
MG,Piedade de Ponte Nova
MG,Piedade do Rio Grande
MG,Piedade dos Gerais
MG,Pimenta
MG,Pingo-d'Agua
MG,Pintopolis
MG,Piracema
MG,Pirajuba
MG,Piranga
MG,Pirangucu
MG,Piranguinho
MG,Pirapetinga
MG,Pirapora
MG,Pirauba
MG,Pitangui
MG,Piumhi
MG,Planura
MG,Poco Fundo
MG,Pocos de Caldas
MG,Pocrane
MG,Pompeu
MG,Ponte Nova
MG,Ponto Chique
MG,Ponto dos Volantes
MG,Porteirinha
MG,Porto Firme
MG,Pote
MG,Pouso Alegre
MG,Pouso Alto
MG,Prados
MG,Prata
MG,Pratapolis
MG,Pratinha
MG,Presidente Bernardes
MG,Presidente Juscelino
MG,Presidente Kubitschek
MG,Presidente Olegario
MG,Prudente de Morais
MG,Quartel Geral
MG,Queluzito
MG,Raposos
MG,Raul Soares
MG,Recreio
MG,Reduto
MG,Resende Costa
MG,Resplendor
MG,Ressaquinha
MG,Riachinho
MG,Riacho dos Machados
MG,Ribeirao das Neves
MG,Ribeirao Vermelho
MG,Rio Acima
MG,Rio Casca
MG,Rio do Prado
MG,Rio Doce
MG,Rio Espera
MG,Rio Manso
MG,Rio Novo
MG,Rio Paranaiba
MG,Rio Pardo de Minas
MG,Rio Piracicaba
MG,Rio Pomba
MG,Rio Preto
MG,Rio Vermelho
MG,Ritapolis
MG,Rochedo de Minas
MG,Rodeiro
MG,Romaria
MG,Rosario da Limeira
MG,Rubelita
MG,Rubim
MG,Sabara
MG,Sabinopolis
MG,Sacramento
MG,Salinas
MG,Salto da Divisa
MG,Santa Barbara
MG,Santa Barbara do Leste
MG,Santa Barbara do Monte Verde
MG,Santa Barbara do Tugurio
MG,Santa Cruz de Minas
MG,Santa Cruz de Salinas
MG,Santa Cruz do Escalvado
MG,Santa Efigenia de Minas
MG,Santa Fe de Minas
MG,Santa Helena de Minas
MG,Santa Juliana
MG,Santa Luzia
MG,Santa Margarida
MG,Santa Maria de Itabira
MG,Santa Maria do Salto
MG,Santa Maria do Suacui
MG,Santa Rita de Caldas
MG,Santa Rita de Ibitipoca
MG,Santa Rita de Jacutinga
MG,Santa Rita de Minas
MG,Santa Rita do Itueto
MG,Santa Rita do Sapucai
MG,Santa Rosa da Serra
MG,Santa Vitoria
MG,Santana da Vargem
MG,Santana de Cataguases
MG,Santana de Pirapama
MG,Santana do Deserto
MG,Santana do Garambeu
MG,Santana do Jacare
MG,Santana do Manhuacu
MG,Santana do Paraiso
MG,Santana do Riacho
MG,Santana dos Montes
MG,Santo Antonio do Amparo
MG,Santo Antonio do Aventureiro
MG,Santo Antonio do Grama
MG,Santo Antonio do Itambe
MG,Santo Antonio do Jacinto
MG,Santo Antonio do Monte
MG,Santo Antonio do Retiro
MG,Santo Antonio do Rio Abaixo
MG,Santo Hipolito
MG,Santos Dumont
MG,Sao Bento Abade
MG,Sao Bras do Suacui
MG,Sao Domingos das Dores
MG,Sao Domingos do Prata
MG,Sao Felix de Minas
MG,Sao Francisco
MG,Sao Francisco de Paula
MG,Sao Francisco de Sales
MG,Sao Francisco do Gloria
MG,Sao Geraldo
MG,Sao Geraldo da Piedade
MG,Sao Geraldo do Baixio
MG,Sao Goncalo do Abaete
MG,Sao Goncalo do Para
MG,Sao Goncalo do Rio Abaixo
MG,Sao Goncalo do Rio Preto
MG,Sao Goncalo do Sapucai
MG,Sao Gotardo
MG,Sao Joao Batista do Gloria
MG,Sao Joao da Lagoa
MG,Sao Joao da Mata
MG,Sao Joao da Ponte
MG,Sao Joao das Missoes
MG,Sao Joao del Rei
MG,Sao Joao do Manhuacu
MG,Sao Joao do Manteninha
MG,Sao Joao do Oriente
MG,Sao Joao do Pacui
MG,Sao Joao do Paraiso
MG,Sao Joao Evangelista
MG,Sao Joao Nepomuceno
MG,Sao Joaquim de Bicas
MG,Sao Jose da Barra
MG,Sao Jose da Lapa
MG,Sao Jose da Safira
MG,Sao Jose da Varginha
MG,Sao Jose do Alegre
MG,Sao Jose do Divino
MG,Sao Jose do Goiabal
MG,Sao Jose do Jacuri
MG,Sao Jose do Mantimento
MG,Sao Lourenco
MG,Sao Miguel do Anta
MG,Sao Pedro da Uniao
MG,Sao Pedro do Suacui
MG,Sao Pedro dos Ferros
MG,Sao Romao
MG,Sao Roque de Minas
MG,Sao Sebastiao da Bela Vista
MG,Sao Sebastiao da Vargem Alegre
MG,Sao Sebastiao do Anta
MG,Sao Sebastiao do Maranhao
MG,Sao Sebastiao do Oeste
MG,Sao Sebastiao do Paraiso
MG,Sao Sebastiao do Rio Preto
MG,Sao Sebastiao do Rio Verde
MG,Sao Thome das Letras
MG,Sao Tiago
MG,Sao Tomas de Aquino
MG,Sao Vicente de Minas
MG,Sapucai-Mirim
MG,Sardoa
MG,Sarzedo
MG,Sem-Peixe
MG,Senador Amaral
MG,Senador Cortes
MG,Senador Firmino
MG,Senador Jose Bento
MG,Senador Modestino Goncalves
MG,Senhora de Oliveira
MG,Senhora do Porto
MG,Senhora dos Remedios
MG,Sericita
MG,Seritinga
MG,Serra Azul de Minas
MG,Serra da Saudade
MG,Serra do Salitre
MG,Serra dos Aimores
MG,Serrania
MG,Serranopolis de Minas
MG,Serranos
MG,Serro
MG,Sete Lagoas
MG,Setubinha
MG,Silveirania
MG,Silvianopolis
MG,Simao Pereira
MG,Simonesia
MG,Sobralia
MG,Soledade de Minas
MG,Tabuleiro
MG,Taiobeiras
MG,Taparuba
MG,Tapira
MG,Tapirai
MG,Taquaracu de Minas
MG,Tarumirim
MG,Teixeiras
MG,Teofilo Otoni
MG,Timoteo
MG,Tiradentes
MG,Tiros
MG,Tocantins
MG,Tocos do Moji
MG,Toledo
MG,Tombos
MG,Tres Coracoes
MG,Tres Marias
MG,Tres Pontas
MG,Tumiritinga
MG,Tupaciguara
MG,Turmalina
MG,Turvolandia
MG,Uba
MG,Ubai
MG,Ubaporanga
MG,Uberaba
MG,Uberlandia
MG,Umburatiba
MG,Unai
MG,Uniao de Minas
MG,Uruana de Minas
MG,Urucania
MG,Urucuia
MG,Vargem Alegre
MG,Vargem Bonita
MG,Vargem Grande do Rio Pardo
MG,Varginha
MG,Varjao de Minas
MG,Varzea da Palma
MG,Varzelandia
MG,Vazante
MG,Verdelandia
MG,Veredinha
MG,Verissimo
MG,Vermelho Novo
MG,Vespasiano
MG,Vicosa
MG,Vieiras
MG,Virgem da Lapa
MG,Virginia
MG,Virginopolis
MG,Virgolandia
MG,Visconde do Rio Branco
MG,Volta Grande
MG,Wenceslau Braz
ES,Afonso Claudio
ES,Agua Doce do Norte
ES,Aguia Branca
ES,Alegre
ES,Alfredo Chaves
ES,Alto Rio Novo
ES,Anchieta
ES,Apiaca
ES,Aracruz
ES,Atilio Vivacqua
ES,Baixo Guandu
ES,Barra de Sao Francisco
ES,Boa Esperanca
ES,Bom Jesus do Norte
ES,Brejetuba
ES,Cachoeiro de Itapemirim
ES,Cariacica
ES,Castelo
ES,Colatina
ES,Conceicao da Barra
ES,Conceicao do Castelo
ES,Divino de Sao Lourenco
ES,Domingos Martins
ES,Dores do Rio Preto
ES,Ecoporanga
ES,Fundao
ES,Governador Lindenberg
ES,Guacui
ES,Guarapari
ES,Ibatiba
ES,Ibiracu
ES,Ibitirama
ES,Iconha
ES,Irupi
ES,Itaguacu
ES,Itapemirim
ES,Itarana
ES,Iuna
ES,Jaguare
ES,Jeronimo Monteiro
ES,Joao Neiva
ES,Laranja da Terra
ES,Linhares
ES,Mantenopolis
ES,Marataizes
ES,Marechal Floriano
ES,Marilandia
ES,Mimoso do Sul
ES,Montanha
ES,Mucurici
ES,Muniz Freire
ES,Muqui
ES,Nova Venecia
ES,Pancas
ES,Pedro Canario
ES,Pinheiros
ES,Piuma
ES,Ponto Belo
ES,Presidente Kennedy
ES,Rio Bananal
ES,Rio Novo do Sul
ES,Santa Leopoldina
ES,Santa Maria de Jetiba
ES,Santa Teresa
ES,Sao Domingos do Norte
ES,Sao Gabriel da Palha
ES,Sao Jose do Calcado
ES,Sao Mateus
ES,Sao Roque do Canaa
ES,Serra
ES,Sooretama
ES,Vargem Alta
ES,Venda Nova do Imigrante
ES,Viana
ES,Vila Pavao
ES,Vila Valerio
ES,Vila Velha
ES,Vitoria
RJ,Angra dos Reis
RJ,Aperibe
RJ,Araruama
RJ,Areal
RJ,Armacao dos Buzios
RJ,Arraial do Cabo
RJ,Barra do Pirai
RJ,Barra Mansa
RJ,Belford Roxo
RJ,Bom Jardim
RJ,Bom Jesus do Itabapoana
RJ,Cabo Frio
RJ,Cachoeiras de Macacu
RJ,Cambuci
RJ,Campos dos Goytacazes
RJ,Cantagalo
RJ,Carapebus
RJ,Cardoso Moreira
RJ,Carmo
RJ,Casimiro de Abreu
RJ,Comendador Levy Gasparian
RJ,Conceicao de Macabu
RJ,Cordeiro
RJ,Duas Barras
RJ,Duque de Caxias
RJ,Engenheiro Paulo de Frontin
RJ,Guapimirim
RJ,Iguaba Grande
RJ,Itaborai
RJ,Itaguai
RJ,Italva
RJ,Itaocara
RJ,Itaperuna
RJ,Itatiaia
RJ,Japeri
RJ,Laje do Muriae
RJ,Macae
RJ,Macuco
RJ,Mage
RJ,Mangaratiba
RJ,Marica
RJ,Mendes
RJ,Mesquita
RJ,Miguel Pereira
RJ,Miracema
RJ,Natividade
RJ,Nilopolis
RJ,Niteroi
RJ,Nova Friburgo
RJ,Nova Iguacu
RJ,Paracambi
RJ,Paraiba do Sul
RJ,Parati
RJ,Paty do Alferes
RJ,Petropolis
RJ,Pinheiral
RJ,Pirai
RJ,Porciuncula
RJ,Porto Real
RJ,Quatis
RJ,Queimados
RJ,Quissama
RJ,Resende
RJ,Rio Bonito
RJ,Rio Claro
RJ,Rio das Flores
RJ,Rio das Ostras
RJ,Rio de Janeiro
RJ,Santa Maria Madalena
RJ,Santo Antonio de Padua
RJ,Sao Fidelis
RJ,Sao Francisco de Itabapoana
RJ,Sao Goncalo
RJ,Sao Joao da Barra
RJ,Sao Joao de Meriti
RJ,Sao Jose de Uba
RJ,Sao Jose do Vale do Rio Preto
RJ,Sao Pedro da Aldeia
RJ,Sao Sebastiao do Alto
RJ,Sapucaia
RJ,Saquarema
RJ,Seropedica
RJ,Silva Jardim
RJ,Sumidouro
RJ,Tangua
RJ,Teresopolis
RJ,Trajano de Morais
RJ,Tres Rios
RJ,Valenca
RJ,Varre-Sai
RJ,Vassouras
RJ,Volta Redonda
SP,Adamantina
SP,Adolfo
SP,Aguai
SP,Aguas da Prata
SP,Aguas de Lindoia
SP,Aguas de Santa Barbara
SP,Aguas de Sao Pedro
SP,Agudos
SP,Alambari
SP,Alfredo Marcondes
SP,Altair
SP,Altinopolis
SP,Alto Alegre
SP,Aluminio
SP,Alvares Florence
SP,Alvares Machado
SP,Alvaro de Carvalho
SP,Alvinlandia
SP,Americana
SP,Americo Brasiliense
SP,Americo de Campos
SP,Amparo
SP,Analandia
SP,Andradina
SP,Angatuba
SP,Anhembi
SP,Anhumas
SP,Aparecida
SP,Aparecida d'Oeste
SP,Apiai
SP,Aracariguama
SP,Aracatuba
SP,Aracoiaba da Serra
SP,Aramina
SP,Arandu
SP,Arapei
SP,Araraquara
SP,Araras
SP,Arco-Iris
SP,Arealva
SP,Areias
SP,Areiopolis
SP,Ariranha
SP,Artur Nogueira
SP,Aruja
SP,Aspasia
SP,Assis
SP,Atibaia
SP,Auriflama
SP,Avai
SP,Avanhandava
SP,Avare
SP,Bady Bassitt
SP,Balbinos
SP,Balsamo
SP,Bananal
SP,Barao de Antonina
SP,Barbosa
SP,Bariri
SP,Barra Bonita
SP,Barra do Chapeu
SP,Barra do Turvo
SP,Barretos
SP,Barrinha
SP,Barueri
SP,Bastos
SP,Batatais
SP,Bauru
SP,Bebedouro
SP,Bento de Abreu
SP,Bernardino de Campos
SP,Bertioga
SP,Bilac
SP,Birigui
SP,Biritiba-Mirim
SP,Boa Esperanca do Sul
SP,Bocaina
SP,Bofete
SP,Boituva
SP,Bom Jesus dos Perdoes
SP,Bom Sucesso de Itarare
SP,Bora
SP,Boraceia
SP,Borborema
SP,Borebi
SP,Botucatu
SP,Braganca Paulista
SP,Brauna
SP,Brejo Alegre
SP,Brodowski
SP,Brotas
SP,Buri
SP,Buritama
SP,Buritizal
SP,Cabralia Paulista
SP,Cabreuva
SP,Cacapava
SP,Cachoeira Paulista
SP,Caconde
SP,Cafelandia
SP,Caiabu
SP,Caieiras
SP,Caiua
SP,Cajamar
SP,Cajati
SP,Cajobi
SP,Cajuru
SP,Campina do Monte Alegre
SP,Campinas
SP,Campo Limpo Paulista
SP,Campos do Jordao
SP,Campos Novos Paulista
SP,Cananeia
SP,Canas
SP,Candido Mota
SP,Candido Rodrigues
SP,Canitar
SP,Capao Bonito
SP,Capela do Alto
SP,Capivari
SP,Caraguatatuba
SP,Carapicuiba
SP,Cardoso
SP,Casa Branca
SP,Cassia dos Coqueiros
SP,Castilho
SP,Catanduva
SP,Catigua
SP,Cedral
SP,Cerqueira Cesar
SP,Cerquilho
SP,Cesario Lange
SP,Charqueada
SP,Chavantes
SP,Clementina
SP,Colina
SP,Colombia
SP,Conchal
SP,Conchas
SP,Cordeiropolis
SP,Coroados
SP,Coronel Macedo
SP,Corumbatai
SP,Cosmopolis
SP,Cosmorama
SP,Cotia
SP,Cravinhos
SP,Cristais Paulista
SP,Cruzalia
SP,Cruzeiro
SP,Cubatao
SP,Cunha
SP,Descalvado
SP,Diadema
SP,Dirce Reis
SP,Divinolandia
SP,Dobrada
SP,Dois Corregos
SP,Dolcinopolis
SP,Dourado
SP,Dracena
SP,Duartina
SP,Dumont
SP,Echapora
SP,Eldorado
SP,Elias Fausto
SP,Elisiario
SP,Embauba
SP,Embu das Artes
SP,Embu-Guacu
SP,Emilianopolis
SP,Engenheiro Coelho
SP,Espirito Santo do Pinhal
SP,Espirito Santo do Turvo
SP,Estiva Gerbi
SP,Estrela do Norte
SP,Estrela d'Oeste
SP,Euclides da Cunha Paulista
SP,Fartura
SP,Fernando Prestes
SP,Fernandopolis
SP,Fernao
SP,Ferraz de Vasconcelos
SP,Flora Rica
SP,Floreal
SP,Florida Paulista
SP,Florinia
SP,Franca
SP,Francisco Morato
SP,Franco da Rocha
SP,Gabriel Monteiro
SP,Galia
SP,Garca
SP,Gastao Vidigal
SP,Gaviao Peixoto
SP,General Salgado
SP,Getulina
SP,Glicerio
SP,Guaicara
SP,Guaimbe
SP,Guaira
SP,Guapiacu
SP,Guapiara
SP,Guara
SP,Guaracai
SP,Guaraci
SP,Guarani d'Oeste
SP,Guaranta
SP,Guararapes
SP,Guararema
SP,Guaratingueta
SP,Guarei
SP,Guariba
SP,Guaruja
SP,Guarulhos
SP,Guatapara
SP,Guzolandia
SP,Herculandia
SP,Holambra
SP,Hortolandia
SP,Iacanga
SP,Iacri
SP,Iaras
SP,Ibate
SP,Ibira
SP,Ibirarema
SP,Ibitinga
SP,Ibiuna
SP,Icem
SP,Iepe
SP,Igaracu do Tiete
SP,Igarapava
SP,Igarata
SP,Iguape
SP,Ilha Comprida
SP,Ilha Solteira
SP,Ilhabela
SP,Indaiatuba
SP,Indiana
SP,Indiapora
SP,Inubia Paulista
SP,Ipaussu
SP,Ipero
SP,Ipeuna
SP,Ipigua
SP,Iporanga
SP,Ipua
SP,Iracemapolis
SP,Irapua
SP,Irapuru
SP,Itabera
SP,Itai
SP,Itajobi
SP,Itaju
SP,Itanhaem
SP,Itaoca
SP,Itapecerica da Serra
SP,Itapetininga
SP,Itapeva
SP,Itapevi
SP,Itapira
SP,Itapirapua Paulista
SP,Itapolis
SP,Itaporanga
SP,Itapui
SP,Itapura
SP,Itaquaquecetuba
SP,Itarare
SP,Itariri
SP,Itatiba
SP,Itatinga
SP,Itirapina
SP,Itirapua
SP,Itobi
SP,Itu
SP,Itupeva
SP,Ituverava
SP,Jaborandi
SP,Jaboticabal
SP,Jacarei
SP,Jaci
SP,Jacupiranga
SP,Jaguariuna
SP,Jales
SP,Jambeiro
SP,Jandira
SP,Jardinopolis
SP,Jarinu
SP,Jau
SP,Jeriquara
SP,Joanopolis
SP,Joao Ramalho
SP,Jose Bonifacio
SP,Julio Mesquita
SP,Jumirim
SP,Jundiai
SP,Junqueiropolis
SP,Juquia
SP,Juquitiba
SP,Lagoinha
SP,Laranjal Paulista
SP,Lavinia
SP,Lavrinhas
SP,Leme
SP,Lencois Paulista
SP,Limeira
SP,Lindoia
SP,Lins
SP,Lorena
SP,Lourdes
SP,Louveira
SP,Lucelia
SP,Lucianopolis
SP,Luis Antonio
SP,Luiziania
SP,Lupercio
SP,Lutecia
SP,Macatuba
SP,Macaubal
SP,Macedonia
SP,Magda
SP,Mairinque
SP,Mairipora
SP,Manduri
SP,Maraba Paulista
SP,Maracai
SP,Marapoama
SP,Mariapolis
SP,Marilia
SP,Marinopolis
SP,Martinopolis
SP,Matao
SP,Maua
SP,Mendonca
SP,Meridiano
SP,Mesopolis
SP,Miguelopolis
SP,Mineiros do Tiete
SP,Mira Estrela
SP,Miracatu
SP,Mirandopolis
SP,Mirante do Paranapanema
SP,Mirassol
SP,Mirassolandia
SP,Mococa
SP,Mogi das Cruzes
SP,Mogi Guacu
SP,Moji Mirim
SP,Mombuca
SP,Moncoes
SP,Mongagua
SP,Monte Alegre do Sul
SP,Monte Alto
SP,Monte Aprazivel
SP,Monte Azul Paulista
SP,Monte Castelo
SP,Monte Mor
SP,Monteiro Lobato
SP,Morro Agudo
SP,Morungaba
SP,Motuca
SP,Murutinga do Sul
SP,Nantes
SP,Narandiba
SP,Natividade da Serra
SP,Nazare Paulista
SP,Neves Paulista
SP,Nhandeara
SP,Nipoa
SP,Nova Alianca
SP,Nova Campina
SP,Nova Canaa Paulista
SP,Nova Castilho
SP,Nova Europa
SP,Nova Granada
SP,Nova Guataporanga
SP,Nova Independencia
SP,Nova Luzitania
SP,Nova Odessa
SP,Novais
SP,Novo Horizonte
SP,Nuporanga
SP,Ocaucu
SP,Oleo
SP,Olimpia
SP,Onda Verde
SP,Oriente
SP,Orindiuva
SP,Orlandia
SP,Osasco
SP,Oscar Bressane
SP,Osvaldo Cruz
SP,Ourinhos
SP,Ouro Verde
SP,Ouroeste
SP,Pacaembu
SP,Palestina
SP,Palmares Paulista
SP,Palmeira d'Oeste
SP,Palmital
SP,Panorama
SP,Paraguacu Paulista
SP,Paraibuna
SP,Paraiso
SP,Paranapanema
SP,Paranapua
SP,Parapua
SP,Pardinho
SP,Pariquera-Acu
SP,Parisi
SP,Patrocinio Paulista
SP,Pauliceia
SP,Paulinia
SP,Paulistania
SP,Paulo de Faria
SP,Pederneiras
SP,Pedra Bela
SP,Pedranopolis
SP,Pedregulho
SP,Pedreira
SP,Pedrinhas Paulista
SP,Pedro de Toledo
SP,Penapolis
SP,Pereira Barreto
SP,Pereiras
SP,Peruibe
SP,Piacatu
SP,Piedade
SP,Pilar do Sul
SP,Pindamonhangaba
SP,Pindorama
SP,Pinhalzinho
SP,Piquerobi
SP,Piquete
SP,Piracaia
SP,Piracicaba
SP,Piraju
SP,Pirajui
SP,Pirangi
SP,Pirapora do Bom Jesus
SP,Pirapozinho
SP,Pirassununga
SP,Piratininga
SP,Pitangueiras
SP,Planalto
SP,Platina
SP,Poa
SP,Poloni
SP,Pompeia
SP,Pongai
SP,Pontal
SP,Pontalinda
SP,Pontes Gestal
SP,Populina
SP,Porangaba
SP,Porto Feliz
SP,Porto Ferreira
SP,Potim
SP,Potirendaba
SP,Pracinha
SP,Pradopolis
SP,Praia Grande
SP,Pratania
SP,Presidente Alves
SP,Presidente Bernardes
SP,Presidente Epitacio
SP,Presidente Prudente
SP,Presidente Venceslau
SP,Promissao
SP,Quadra
SP,Quata
SP,Queiroz
SP,Queluz
SP,Quintana
SP,Rafard
SP,Rancharia
SP,Redencao da Serra
SP,Regente Feijo
SP,Reginopolis
SP,Registro
SP,Restinga
SP,Ribeira
SP,Ribeirao Bonito
SP,Ribeirao Branco
SP,Ribeirao Corrente
SP,Ribeirao do Sul
SP,Ribeirao dos Indios
SP,Ribeirao Grande
SP,Ribeirao Pires
SP,Ribeirao Preto
SP,Rifaina
SP,Rincao
SP,Rinopolis
SP,Rio Claro
SP,Rio das Pedras
SP,Rio Grande da Serra
SP,Riolandia
SP,Riversul
SP,Rosana
SP,Roseira
SP,Rubiacea
SP,Rubineia
SP,Sabino
SP,Sagres
SP,Sales
SP,Sales Oliveira
SP,Salesopolis
SP,Salmourao
SP,Saltinho
SP,Salto
SP,Salto de Pirapora
SP,Salto Grande
SP,Sandovalina
SP,Santa Adelia
SP,Santa Albertina
SP,Santa Barbara d'Oeste
SP,Santa Branca
SP,Santa Clara d'Oeste
SP,Santa Cruz da Conceicao
SP,Santa Cruz da Esperanca
SP,Santa Cruz das Palmeiras
SP,Santa Cruz do Rio Pardo
SP,Santa Ernestina
SP,Santa Fe do Sul
SP,Santa Gertrudes
SP,Santa Isabel
SP,Santa Lucia
SP,Santa Maria da Serra
SP,Santa Mercedes
SP,Santa Rita do Passa Quatro
SP,Santa Rita d'Oeste
SP,Santa Rosa de Viterbo
SP,Santa Salete
SP,Santana da Ponte Pensa
SP,Santana de Parnaiba
SP,Santo Anastacio
SP,Santo Andre
SP,Santo Antonio da Alegria
SP,Santo Antonio de Posse
SP,Santo Antonio do Aracangua
SP,Santo Antonio do Jardim
SP,Santo Antonio do Pinhal
SP,Santo Expedito
SP,Santopolis do Aguapei
SP,Santos
SP,Sao Bento do Sapucai
SP,Sao Bernardo do Campo
SP,Sao Caetano do Sul
SP,Sao Carlos
SP,Sao Francisco
SP,Sao Joao da Boa Vista
SP,Sao Joao das Duas Pontes
SP,Sao Joao de Iracema
SP,Sao Joao do Pau d'Alho
SP,Sao Joaquim da Barra
SP,Sao Jose da Bela Vista
SP,Sao Jose do Barreiro
SP,Sao Jose do Rio Pardo
SP,Sao Jose do Rio Preto
SP,Sao Jose dos Campos
SP,Sao Lourenco da Serra
SP,Sao Luis do Paraitinga
SP,Sao Manuel
SP,Sao Miguel Arcanjo
SP,Sao Paulo
SP,Sao Pedro
SP,Sao Pedro do Turvo
SP,Sao Roque
SP,Sao Sebastiao
SP,Sao Sebastiao da Grama
SP,Sao Simao
SP,Sao Vicente
SP,Sarapui
SP,Sarutaia
SP,Sebastianopolis do Sul
SP,Serra Azul
SP,Serra Negra
SP,Serrana
SP,Sertaozinho
SP,Sete Barras
SP,Severinia
SP,Silveiras
SP,Socorro
SP,Sorocaba
SP,Sud Mennucci
SP,Sumare
SP,Suzanapolis
SP,Suzano
SP,Tabapua
SP,Tabatinga
SP,Taboao da Serra
SP,Taciba
SP,Taguai
SP,Taiacu
SP,Taiuva
SP,Tambau
SP,Tanabi
SP,Tapirai
SP,Tapiratiba
SP,Taquaral
SP,Taquaritinga
SP,Taquarituba
SP,Taquarivai
SP,Tarabai
SP,Taruma
SP,Tatui
SP,Taubate
SP,Tejupa
SP,Teodoro Sampaio
SP,Terra Roxa
SP,Tiete
SP,Timburi
SP,Torre de Pedra
SP,Torrinha
SP,Trabiju
SP,Tremembe
SP,Tres Fronteiras
SP,Tuiuti
SP,Tupa
SP,Tupi Paulista
SP,Turiuba
SP,Turmalina
SP,Ubarana
SP,Ubatuba
SP,Ubirajara
SP,Uchoa
SP,Uniao Paulista
SP,Urania
SP,Uru
SP,Urupes
SP,Valentim Gentil
SP,Valinhos
SP,Valparaiso
SP,Vargem
SP,Vargem Grande do Sul
SP,Vargem Grande Paulista
SP,Varzea Paulista
SP,Vera Cruz
SP,Vinhedo
SP,Viradouro
SP,Vista Alegre do Alto
SP,Vitoria Brasil
SP,Votorantim
SP,Votuporanga
SP,Zacarias
PR,Abatia
PR,Adrianopolis
PR,Agudos do Sul
PR,Almirante Tamandare
PR,Altamira do Parana
PR,Alto Paraiso
PR,Alto Parana
PR,Alto Piquiri
PR,Altonia
PR,Alvorada do Sul
PR,Amapora
PR,Ampere
PR,Anahy
PR,Andira
PR,Angulo
PR,Antonina
PR,Antonio Olinto
PR,Apucarana
PR,Arapongas
PR,Arapoti
PR,Arapua
PR,Araruna
PR,Araucaria
PR,Ariranha do Ivai
PR,Assai
PR,Assis Chateaubriand
PR,Astorga
PR,Atalaia
PR,Balsa Nova
PR,Bandeirantes
PR,Barbosa Ferraz
PR,Barra do Jacare
PR,Barracao
PR,Bela Vista da Caroba
PR,Bela Vista do Paraiso
PR,Bituruna
PR,Boa Esperanca
PR,Boa Esperanca do Iguacu
PR,Boa Ventura de Sao Roque
PR,Boa Vista da Aparecida
PR,Bocaiuva do Sul
PR,Bom Jesus do Sul
PR,Bom Sucesso
PR,Bom Sucesso do Sul
PR,Borrazopolis
PR,Braganey
PR,Brasilandia do Sul
PR,Cafeara
PR,Cafelandia
PR,Cafezal do Sul
PR,California
PR,Cambara
PR,Cambe
PR,Cambira
PR,Campina da Lagoa
PR,Campina do Simao
PR,Campina Grande do Sul
PR,Campo Bonito
PR,Campo do Tenente
PR,Campo Largo
PR,Campo Magro
PR,Campo Mourao
PR,Candido de Abreu
PR,Candoi
PR,Cantagalo
PR,Capanema
PR,Capitao Leonidas Marques
PR,Carambei
PR,Carlopolis
PR,Cascavel
PR,Castro
PR,Catanduvas
PR,Centenario do Sul
PR,Cerro Azul
PR,Ceu Azul
PR,Chopinzinho
PR,Cianorte
PR,Cidade Gaucha
PR,Clevelandia
PR,Colombo
PR,Colorado
PR,Congonhinhas
PR,Conselheiro Mairinck
PR,Contenda
PR,Corbelia
PR,Cornelio Procopio
PR,Coronel Domingos Soares
PR,Coronel Vivida
PR,Corumbatai do Sul
PR,Cruz Machado
PR,Cruzeiro do Iguacu
PR,Cruzeiro do Oeste
PR,Cruzeiro do Sul
PR,Cruzmaltina
PR,Curitiba
PR,Curiuva
PR,Diamante do Norte
PR,Diamante do Sul
PR,Diamante D'Oeste
PR,Dois Vizinhos
PR,Douradina
PR,Doutor Camargo
PR,Doutor Ulysses
PR,Eneas Marques
PR,Engenheiro Beltrao
PR,Entre Rios do Oeste
PR,Esperanca Nova
PR,Espigao Alto do Iguacu
PR,Farol
PR,Faxinal
PR,Fazenda Rio Grande
PR,Fenix
PR,Fernandes Pinheiro
PR,Figueira
PR,Flor da Serra do Sul
PR,Florai
PR,Floresta
PR,Florestopolis
PR,Florida
PR,Formosa do Oeste
PR,Foz do Iguacu
PR,Foz do Jordao
PR,Francisco Alves
PR,Francisco Beltrao
PR,General Carneiro
PR,Godoy Moreira
PR,Goioere
PR,Goioxim
PR,Grandes Rios
PR,Guaira
PR,Guairaca
PR,Guamiranga
PR,Guapirama
PR,Guaporema
PR,Guaraci
PR,Guaraniacu
PR,Guarapuava
PR,Guaraquecaba
PR,Guaratuba
PR,Honorio Serpa
PR,Ibaiti
PR,Ibema
PR,Ibipora
PR,Icaraima
PR,Iguaracu
PR,Iguatu
PR,Imbau
PR,Imbituva
PR,Inacio Martins
PR,Inaja
PR,Indianopolis
PR,Ipiranga
PR,Ipora
PR,Iracema do Oeste
PR,Irati
PR,Iretama
PR,Itaguaje
PR,Itaipulandia
PR,Itambaraca
PR,Itambe
PR,Itapejara d'Oeste
PR,Itaperucu
PR,Itauna do Sul
PR,Ivai
PR,Ivaipora
PR,Ivate
PR,Ivatuba
PR,Jaboti
PR,Jacarezinho
PR,Jaguapita
PR,Jaguariaiva
PR,Jandaia do Sul
PR,Janiopolis
PR,Japira
PR,Japura
PR,Jardim Alegre
PR,Jardim Olinda
PR,Jataizinho
PR,Jesuitas
PR,Joaquim Tavora
PR,Jundiai do Sul
PR,Juranda
PR,Jussara
PR,Kalore
PR,Lapa
PR,Laranjal
PR,Laranjeiras do Sul
PR,Leopolis
PR,Lidianopolis
PR,Lindoeste
PR,Loanda
PR,Lobato
PR,Londrina
PR,Luiziana
PR,Lunardelli
PR,Lupionopolis
PR,Mallet
PR,Mambore
PR,Mandaguacu
PR,Mandaguari
PR,Mandirituba
PR,Manfrinopolis
PR,Mangueirinha
PR,Manoel Ribas
PR,Marechal Candido Rondon
PR,Maria Helena
PR,Marialva
PR,Marilandia do Sul
PR,Marilena
PR,Mariluz
PR,Maringa
PR,Mariopolis
PR,Maripa
PR,Marmeleiro
PR,Marquinho
PR,Marumbi
PR,Matelandia
PR,Matinhos
PR,Mato Rico
PR,Maua da Serra
PR,Medianeira
PR,Mercedes
PR,Mirador
PR,Miraselva
PR,Missal
PR,Moreira Sales
PR,Morretes
PR,Munhoz de Melo
PR,Nossa Senhora das Gracas
PR,Nova Alianca do Ivai
PR,Nova America da Colina
PR,Nova Aurora
PR,Nova Cantu
PR,Nova Esperanca
PR,Nova Esperanca do Sudoeste
PR,Nova Fatima
PR,Nova Laranjeiras
PR,Nova Londrina
PR,Nova Olimpia
PR,Nova Prata do Iguacu
PR,Nova Santa Barbara
PR,Nova Santa Rosa
PR,Nova Tebas
PR,Novo Itacolomi
PR,Ortigueira
PR,Ourizona
PR,Ouro Verde do Oeste
PR,Paicandu
PR,Palmas
PR,Palmeira
PR,Palmital
PR,Palotina
PR,Paraiso do Norte
PR,Paranacity
PR,Paranagua
PR,Paranapoema
PR,Paranavai
PR,Pato Bragado
PR,Pato Branco
PR,Paula Freitas
PR,Paulo Frontin
PR,Peabiru
PR,Perobal
PR,Perola
PR,Perola d'Oeste
PR,Pien
PR,Pinhais
PR,Pinhal de Sao Bento
PR,Pinhalao
PR,Pinhao
PR,Pirai do Sul
PR,Piraquara
PR,Pitanga
PR,Pitangueiras
PR,Planaltina do Parana
PR,Planalto
PR,Ponta Grossa
PR,Pontal do Parana
PR,Porecatu
PR,Porto Amazonas
PR,Porto Barreiro
PR,Porto Rico
PR,Porto Vitoria
PR,Prado Ferreira
PR,Pranchita
PR,Presidente Castelo Branco
PR,Primeiro de Maio
PR,Prudentopolis
PR,Quarto Centenario
PR,Quatigua
PR,Quatro Barras
PR,Quatro Pontes
PR,Quedas do Iguacu
PR,Querencia do Norte
PR,Quinta do Sol
PR,Quitandinha
PR,Ramilandia
PR,Rancho Alegre
PR,Rancho Alegre D'Oeste
PR,Realeza
PR,Reboucas
PR,Renascenca
PR,Reserva
PR,Reserva do Iguacu
PR,Ribeirao Claro
PR,Ribeirao do Pinhal
PR,Rio Azul
PR,Rio Bom
PR,Rio Bonito do Iguacu
PR,Rio Branco do Ivai
PR,Rio Branco do Sul
PR,Rio Negro
PR,Rolandia
PR,Roncador
PR,Rondon
PR,Rosario do Ivai
PR,Sabaudia
PR,Salgado Filho
PR,Salto do Itarare
PR,Salto do Lontra
PR,Santa Amelia
PR,Santa Cecilia do Pavao
PR,Santa Cruz de Monte Castelo
PR,Santa Fe
PR,Santa Helena
PR,Santa Ines
PR,Santa Isabel do Ivai
PR,Santa Izabel do Oeste
PR,Santa Lucia
PR,Santa Maria do Oeste
PR,Santa Mariana
PR,Santa Monica
PR,Santa Tereza do Oeste
PR,Santa Terezinha de Itaipu
PR,Santana do Itarare
PR,Santo Antonio da Platina
PR,Santo Antonio do Caiua
PR,Santo Antonio do Paraiso
PR,Santo Antonio do Sudoeste
PR,Santo Inacio
PR,Sao Carlos do Ivai
PR,Sao Jeronimo da Serra
PR,Sao Joao
PR,Sao Joao do Caiua
PR,Sao Joao do Ivai
PR,Sao Joao do Triunfo
PR,Sao Jorge do Ivai
PR,Sao Jorge do Patrocinio
PR,Sao Jorge d'Oeste
PR,Sao Jose da Boa Vista
PR,Sao Jose das Palmeiras
PR,Sao Jose dos Pinhais
PR,Sao Manoel do Parana
PR,Sao Mateus do Sul
PR,Sao Miguel do Iguacu
PR,Sao Pedro do Iguacu
PR,Sao Pedro do Ivai
PR,Sao Pedro do Parana
PR,Sao Sebastiao da Amoreira
PR,Sao Tome
PR,Sapopema
PR,Sarandi
PR,Saudade do Iguacu
PR,Senges
PR,Serranopolis do Iguacu
PR,Sertaneja
PR,Sertanopolis
PR,Siqueira Campos
PR,Sulina
PR,Tamarana
PR,Tamboara
PR,Tapejara
PR,Tapira
PR,Teixeira Soares
PR,Telemaco Borba
PR,Terra Boa
PR,Terra Rica
PR,Terra Roxa
PR,Tibagi
PR,Tijucas do Sul
PR,Toledo
PR,Tomazina
PR,Tres Barras do Parana
PR,Tunas do Parana
PR,Tuneiras do Oeste
PR,Tupassi
PR,Turvo
PR,Ubirata
PR,Umuarama
PR,Uniao da Vitoria
PR,Uniflor
PR,Urai
PR,Ventania
PR,Vera Cruz do Oeste
PR,Vere
PR,Virmond
PR,Vitorino
PR,Wenceslau Braz
PR,Xambre
SC,Abdon Batista
SC,Abelardo Luz
SC,Agrolandia
SC,Agronomica
SC,Agua Doce
SC,Aguas de Chapeco
SC,Aguas Frias
SC,Aguas Mornas
SC,Alfredo Wagner
SC,Alto Bela Vista
SC,Anchieta
SC,Angelina
SC,Anita Garibaldi
SC,Anitapolis
SC,Antonio Carlos
SC,Apiuna
SC,Arabuta
SC,Araquari
SC,Ararangua
SC,Armazem
SC,Arroio Trinta
SC,Arvoredo
SC,Ascurra
SC,Atalanta
SC,Aurora
SC,Balneario Arroio do Silva
SC,Balneario Barra do Sul
SC,Balneario Camboriu
SC,Balneario Gaivota
SC,Balneario Picarras
SC,Bandeirante
SC,Barra Bonita
SC,Barra Velha
SC,Bela Vista do Toldo
SC,Belmonte
SC,Benedito Novo
SC,Biguacu
SC,Blumenau
SC,Bocaina do Sul
SC,Bom Jardim da Serra
SC,Bom Jesus
SC,Bom Jesus do Oeste
SC,Bom Retiro
SC,Bombinhas
SC,Botuvera
SC,Braco do Norte
SC,Braco do Trombudo
SC,Brunopolis
SC,Brusque
SC,Cacador
SC,Caibi
SC,Calmon
SC,Camboriu
SC,Campo Alegre
SC,Campo Belo do Sul
SC,Campo Ere
SC,Campos Novos
SC,Canelinha
SC,Canoinhas
SC,Capao Alto
SC,Capinzal
SC,Capivari de Baixo
SC,Catanduvas
SC,Caxambu do Sul
SC,Celso Ramos
SC,Cerro Negro
SC,Chapadao do Lageado
SC,Chapeco
SC,Cocal do Sul
SC,Concordia
SC,Cordilheira Alta
SC,Coronel Freitas
SC,Coronel Martins
SC,Correia Pinto
SC,Corupa
SC,Criciuma
SC,Cunha Pora
SC,Cunhatai
SC,Curitibanos
SC,Descanso
SC,Dionisio Cerqueira
SC,Dona Emma
SC,Doutor Pedrinho
SC,Entre Rios
SC,Ermo
SC,Erval Velho
SC,Faxinal dos Guedes
SC,Flor do Sertao
SC,Florianopolis
SC,Formosa do Sul
SC,Forquilhinha
SC,Fraiburgo
SC,Frei Rogerio
SC,Galvao
SC,Garopaba
SC,Garuva
SC,Gaspar
SC,Governador Celso Ramos
SC,Grao Para
SC,Gravatal
SC,Guabiruba
SC,Guaraciaba
SC,Guaramirim
SC,Guaruja do Sul
SC,Guatambu
SC,Herval d'Oeste
SC,Ibiam
SC,Ibicare
SC,Ibirama
SC,Icara
SC,Ilhota
SC,Imarui
SC,Imbituba
SC,Imbuia
SC,Indaial
SC,Iomere
SC,Ipira
SC,Ipora do Oeste
SC,Ipuacu
SC,Ipumirim
SC,Iraceminha
SC,Irani
SC,Irati
SC,Irineopolis
SC,Ita
SC,Itaiopolis
SC,Itajai
SC,Itapema
SC,Itapiranga
SC,Itapoa
SC,Ituporanga
SC,Jabora
SC,Jacinto Machado
SC,Jaguaruna
SC,Jaragua do Sul
SC,Jardinopolis
SC,Joacaba
SC,Joinville
SC,Jose Boiteux
SC,Jupia
SC,Lacerdopolis
SC,Lages
SC,Laguna
SC,Lajeado Grande
SC,Laurentino
SC,Lauro Muller
SC,Lebon Regis
SC,Leoberto Leal
SC,Lindoia do Sul
SC,Lontras
SC,Luiz Alves
SC,Luzerna
SC,Macieira
SC,Mafra
SC,Major Gercino
SC,Major Vieira
SC,Maracaja
SC,Maravilha
SC,Marema
SC,Massaranduba
SC,Matos Costa
SC,Meleiro
SC,Mirim Doce
SC,Modelo
SC,Mondai
SC,Monte Carlo
SC,Monte Castelo
SC,Morro da Fumaca
SC,Morro Grande
SC,Navegantes
SC,Nova Erechim
SC,Nova Itaberaba
SC,Nova Trento
SC,Nova Veneza
SC,Novo Horizonte
SC,Orleans
SC,Otacilio Costa
SC,Ouro
SC,Ouro Verde
SC,Paial
SC,Painel
SC,Palhoca
SC,Palma Sola
SC,Palmeira
SC,Palmitos
SC,Papanduva
SC,Paraiso
SC,Passo de Torres
SC,Passos Maia
SC,Paulo Lopes
SC,Pedras Grandes
SC,Penha
SC,Peritiba
SC,Pescaria Brava
SC,Petrolandia
SC,Pinhalzinho
SC,Pinheiro Preto
SC,Piratuba
SC,Planalto Alegre
SC,Pomerode
SC,Ponte Alta
SC,Ponte Alta do Norte
SC,Ponte Serrada
SC,Porto Belo
SC,Porto Uniao
SC,Pouso Redondo
SC,Praia Grande
SC,Presidente Castello Branco
SC,Presidente Getulio
SC,Presidente Nereu
SC,Princesa
SC,Quilombo
SC,Rancho Queimado
SC,Rio das Antas
SC,Rio do Campo
SC,Rio do Oeste
SC,Rio do Sul
SC,Rio dos Cedros
SC,Rio Fortuna
SC,Rio Negrinho
SC,Rio Rufino
SC,Riqueza
SC,Rodeio
SC,Romelandia
SC,Salete
SC,Saltinho
SC,Salto Veloso
SC,Sangao
SC,Santa Cecilia
SC,Santa Helena
SC,Santa Rosa de Lima
SC,Santa Rosa do Sul
SC,Santa Terezinha
SC,Santa Terezinha do Progresso
SC,Santiago do Sul
SC,Santo Amaro da Imperatriz
SC,Sao Bento do Sul
SC,Sao Bernardino
SC,Sao Bonifacio
SC,Sao Carlos
SC,Sao Cristovao do Sul
SC,Sao Domingos
SC,Sao Francisco do Sul
SC,Sao Joao Batista
SC,Sao Joao do Itaperiu
SC,Sao Joao do Oeste
SC,Sao Joao do Sul
SC,Sao Joaquim
SC,Sao Jose
SC,Sao Jose do Cedro
SC,Sao Jose do Cerrito
SC,Sao Lourenco do Oeste
SC,Sao Ludgero
SC,Sao Martinho
SC,Sao Miguel da Boa Vista
SC,Sao Miguel do Oeste
SC,Sao Pedro de Alcantara
SC,Saudades
SC,Schroeder
SC,Seara
SC,Serra Alta
SC,Sideropolis
SC,Sombrio
SC,Sul Brasil
SC,Taio
SC,Tangara
SC,Tigrinhos
SC,Tijucas
SC,Timbe do Sul
SC,Timbo
SC,Timbo Grande
SC,Tres Barras
SC,Treviso
SC,Treze de Maio
SC,Treze Tilias
SC,Trombudo Central
SC,Tubarao
SC,Tunapolis
SC,Turvo
SC,Uniao do Oeste
SC,Urubici
SC,Urupema
SC,Urussanga
SC,Vargeao
SC,Vargem
SC,Vargem Bonita
SC,Vidal Ramos
SC,Videira
SC,Vitor Meireles
SC,Witmarsum
SC,Xanxere
SC,Xavantina
SC,Xaxim
SC,Zortea
SC,Balneario Rincao
RS,Acegua
RS,Agua Santa
RS,Agudo
RS,Ajuricaba
RS,Alecrim
RS,Alegrete
RS,Alegria
RS,Almirante Tamandare do Sul
RS,Alpestre
RS,Alto Alegre
RS,Alto Feliz
RS,Alvorada
RS,Amaral Ferrador
RS,Ametista do Sul
RS,Andre da Rocha
RS,Anta Gorda
RS,Antonio Prado
RS,Arambare
RS,Ararica
RS,Aratiba
RS,Arroio do Meio
RS,Arroio do Padre
RS,Arroio do Sal
RS,Arroio do Tigre
RS,Arroio dos Ratos
RS,Arroio Grande
RS,Arvorezinha
RS,Pinto Bandeira
RS,Augusto Pestana
RS,Aurea
RS,Bage
RS,Balneario Pinhal
RS,Barao
RS,Barao de Cotegipe
RS,Barao do Triunfo
RS,Barra do Guarita
RS,Barra do Quarai
RS,Barra do Ribeiro
RS,Barra do Rio Azul
RS,Barra Funda
RS,Barracao
RS,Barros Cassal
RS,Benjamin Constant do Sul
RS,Bento Goncalves
RS,Boa Vista das Missoes
RS,Boa Vista do Burica
RS,Boa Vista do Cadeado
RS,Boa Vista do Incra
RS,Boa Vista do Sul
RS,Bom Jesus
RS,Bom Principio
RS,Bom Progresso
RS,Bom Retiro do Sul
RS,Boqueirao do Leao
RS,Bossoroca
RS,Bozano
RS,Braga
RS,Brochier
RS,Butia
RS,Cacapava do Sul
RS,Cacequi
RS,Cachoeira do Sul
RS,Cachoeirinha
RS,Cacique Doble
RS,Caibate
RS,Caicara
RS,Camaqua
RS,Camargo
RS,Cambara do Sul
RS,Campestre da Serra
RS,Campina das Missoes
RS,Campinas do Sul
RS,Campo Bom
RS,Campo Novo
RS,Campos Borges
RS,Candelaria
RS,Candido Godoi
RS,Candiota
RS,Canela
RS,Cangucu
RS,Canoas
RS,Canudos do Vale
RS,Capao Bonito do Sul
RS,Capao da Canoa
RS,Capao do Cipo
RS,Capao do Leao
RS,Capela de Santana
RS,Capitao
RS,Capivari do Sul
RS,Caraa
RS,Carazinho
RS,Carlos Barbosa
RS,Carlos Gomes
RS,Casca
RS,Caseiros
RS,Catuipe
RS,Caxias do Sul
RS,Centenario
RS,Cerrito
RS,Cerro Branco
RS,Cerro Grande
RS,Cerro Grande do Sul
RS,Cerro Largo
RS,Chapada
RS,Charqueadas
RS,Charrua
RS,Chiapetta
RS,Chui
RS,Chuvisca
RS,Cidreira
RS,Ciriaco
RS,Colinas
RS,Colorado
RS,Condor
RS,Constantina
RS,Coqueiro Baixo
RS,Coqueiros do Sul
RS,Coronel Barros
RS,Coronel Bicaco
RS,Coronel Pilar
RS,Cotipora
RS,Coxilha
RS,Crissiumal
RS,Cristal
RS,Cristal do Sul
RS,Cruz Alta
RS,Cruzaltense
RS,Cruzeiro do Sul
RS,David Canabarro
RS,Derrubadas
RS,Dezesseis de Novembro
RS,Dilermando de Aguiar
RS,Dois Irmaos
RS,Dois Irmaos das Missoes
RS,Dois Lajeados
RS,Dom Feliciano
RS,Dom Pedrito
RS,Dom Pedro de Alcantara
RS,Dona Francisca
RS,Doutor Mauricio Cardoso
RS,Doutor Ricardo
RS,Eldorado do Sul
RS,Encantado
RS,Encruzilhada do Sul
RS,Engenho Velho
RS,Entre Rios do Sul
RS,Entre-Ijuis
RS,Erebango
RS,Erechim
RS,Ernestina
RS,Erval Grande
RS,Erval Seco
RS,Esmeralda
RS,Esperanca do Sul
RS,Espumoso
RS,Estacao
RS,Estancia Velha
RS,Esteio
RS,Estrela
RS,Estrela Velha
RS,Eugenio de Castro
RS,Fagundes Varela
RS,Farroupilha
RS,Faxinal do Soturno
RS,Faxinalzinho
RS,Fazenda Vilanova
RS,Feliz
RS,Flores da Cunha
RS,Floriano Peixoto
RS,Fontoura Xavier
RS,Formigueiro
RS,Forquetinha
RS,Fortaleza dos Valos
RS,Frederico Westphalen
RS,Garibaldi
RS,Garruchos
RS,Gaurama
RS,General Camara
RS,Gentil
RS,Getulio Vargas
RS,Girua
RS,Glorinha
RS,Gramado
RS,Gramado dos Loureiros
RS,Gramado Xavier
RS,Gravatai
RS,Guabiju
RS,Guaiba
RS,Guapore
RS,Guarani das Missoes
RS,Harmonia
RS,Herval
RS,Herveiras
RS,Horizontina
RS,Hulha Negra
RS,Humaita
RS,Ibarama
RS,Ibiaca
RS,Ibiraiaras
RS,Ibirapuita
RS,Ibiruba
RS,Igrejinha
RS,Ijui
RS,Ilopolis
RS,Imbe
RS,Imigrante
RS,Independencia
RS,Inhacora
RS,Ipe
RS,Ipiranga do Sul
RS,Irai
RS,Itaara
RS,Itacurubi
RS,Itapuca
RS,Itaqui
RS,Itati
RS,Itatiba do Sul
RS,Ivora
RS,Ivoti
RS,Jaboticaba
RS,Jacuizinho
RS,Jacutinga
RS,Jaguarao
RS,Jaguari
RS,Jaquirana
RS,Jari
RS,Joia
RS,Julio de Castilhos
RS,Lagoa Bonita do Sul
RS,Lagoa dos Tres Cantos
RS,Lagoa Vermelha
RS,Lagoao
RS,Lajeado
RS,Lajeado do Bugre
RS,Lavras do Sul
RS,Liberato Salzano
RS,Lindolfo Collor
RS,Linha Nova
RS,Macambara
RS,Machadinho
RS,Mampituba
RS,Manoel Viana
RS,Maquine
RS,Marata
RS,Marau
RS,Marcelino Ramos
RS,Mariana Pimentel
RS,Mariano Moro
RS,Marques de Souza
RS,Mata
RS,Mato Castelhano
RS,Mato Leitao
RS,Mato Queimado
RS,Maximiliano de Almeida
RS,Minas do Leao
RS,Miraguai
RS,Montauri
RS,Monte Alegre dos Campos
RS,Monte Belo do Sul
RS,Montenegro
RS,Mormaco
RS,Morrinhos do Sul
RS,Morro Redondo
RS,Morro Reuter
RS,Mostardas
RS,Mucum
RS,Muitos Capoes
RS,Muliterno
RS,Nao-Me-Toque
RS,Nicolau Vergueiro
RS,Nonoai
RS,Nova Alvorada
RS,Nova Araca
RS,Nova Bassano
RS,Nova Boa Vista
RS,Nova Brescia
RS,Nova Candelaria
RS,Nova Esperanca do Sul
RS,Nova Hartz
RS,Nova Padua
RS,Nova Palma
RS,Nova Petropolis
RS,Nova Prata
RS,Nova Ramada
RS,Nova Roma do Sul
RS,Nova Santa Rita
RS,Novo Barreiro
RS,Novo Cabrais
RS,Novo Hamburgo
RS,Novo Machado
RS,Novo Tiradentes
RS,Novo Xingu
RS,Osorio
RS,Paim Filho
RS,Palmares do Sul
RS,Palmeira das Missoes
RS,Palmitinho
RS,Panambi
RS,Pantano Grande
RS,Parai
RS,Paraiso do Sul
RS,Pareci Novo
RS,Parobe
RS,Passa Sete
RS,Passo do Sobrado
RS,Passo Fundo
RS,Paulo Bento
RS,Paverama
RS,Pedras Altas
RS,Pedro Osorio
RS,Pejucara
RS,Pelotas
RS,Picada Cafe
RS,Pinhal
RS,Pinhal da Serra
RS,Pinhal Grande
RS,Pinheirinho do Vale
RS,Pinheiro Machado
RS,Pirapo
RS,Piratini
RS,Planalto
RS,Poco das Antas
RS,Pontao
RS,Ponte Preta
RS,Portao
RS,Porto Alegre
RS,Porto Lucena
RS,Porto Maua
RS,Porto Vera Cruz
RS,Porto Xavier
RS,Pouso Novo
RS,Presidente Lucena
RS,Progresso
RS,Protasio Alves
RS,Putinga
RS,Quarai
RS,Quatro Irmaos
RS,Quevedos
RS,Quinze de Novembro
RS,Redentora
RS,Relvado
RS,Restinga Seca
RS,Rio dos Indios
RS,Rio Grande
RS,Rio Pardo
RS,Riozinho
RS,Roca Sales
RS,Rodeio Bonito
RS,Rolador
RS,Rolante
RS,Ronda Alta
RS,Rondinha
RS,Roque Gonzales
RS,Rosario do Sul
RS,Sagrada Familia
RS,Saldanha Marinho
RS,Salto do Jacui
RS,Salvador das Missoes
RS,Salvador do Sul
RS,Sananduva
RS,Santa Barbara do Sul
RS,Santa Cecilia do Sul
RS,Santa Clara do Sul
RS,Santa Cruz do Sul
RS,Santa Margarida do Sul
RS,Santa Maria
RS,Santa Maria do Herval
RS,Santa Rosa
RS,Santa Tereza
RS,Santa Vitoria do Palmar
RS,Santana da Boa Vista
RS,Santana do Livramento
RS,Santiago
RS,Santo Angelo
RS,Santo Antonio da Patrulha
RS,Santo Antonio das Missoes
RS,Santo Antonio do Palma
RS,Santo Antonio do Planalto
RS,Santo Augusto
RS,Santo Cristo
RS,Santo Expedito do Sul
RS,Sao Borja
RS,Sao Domingos do Sul
RS,Sao Francisco de Assis
RS,Sao Francisco de Paula
RS,Sao Gabriel
RS,Sao Jeronimo
RS,Sao Joao da Urtiga
RS,Sao Joao do Polesine
RS,Sao Jorge
RS,Sao Jose das Missoes
RS,Sao Jose do Herval
RS,Sao Jose do Hortencio
RS,Sao Jose do Inhacora
RS,Sao Jose do Norte
RS,Sao Jose do Ouro
RS,Sao Jose do Sul
RS,Sao Jose dos Ausentes
RS,Sao Leopoldo
RS,Sao Lourenco do Sul
RS,Sao Luiz Gonzaga
RS,Sao Marcos
RS,Sao Martinho
RS,Sao Martinho da Serra
RS,Sao Miguel das Missoes
RS,Sao Nicolau
RS,Sao Paulo das Missoes
RS,Sao Pedro da Serra
RS,Sao Pedro das Missoes
RS,Sao Pedro do Butia
RS,Sao Pedro do Sul
RS,Sao Sebastiao do Cai
RS,Sao Sepe
RS,Sao Valentim
RS,Sao Valentim do Sul
RS,Sao Valerio do Sul
RS,Sao Vendelino
RS,Sao Vicente do Sul
RS,Sapiranga
RS,Sapucaia do Sul
RS,Sarandi
RS,Seberi
RS,Sede Nova
RS,Segredo
RS,Selbach
RS,Senador Salgado Filho
RS,Sentinela do Sul
RS,Serafina Correa
RS,Serio
RS,Sertao
RS,Sertao Santana
RS,Sete de Setembro
RS,Severiano de Almeida
RS,Silveira Martins
RS,Sinimbu
RS,Sobradinho
RS,Soledade
RS,Tabai
RS,Tapejara
RS,Tapera
RS,Tapes
RS,Taquara
RS,Taquari
RS,Taquarucu do Sul
RS,Tavares
RS,Tenente Portela
RS,Terra de Areia
RS,Teutonia
RS,Tio Hugo
RS,Tiradentes do Sul
RS,Toropi
RS,Torres
RS,Tramandai
RS,Travesseiro
RS,Tres Arroios
RS,Tres Cachoeiras
RS,Tres Coroas
RS,Tres de Maio
RS,Tres Forquilhas
RS,Tres Palmeiras
RS,Tres Passos
RS,Trindade do Sul
RS,Triunfo
RS,Tucunduva
RS,Tunas
RS,Tupanci do Sul
RS,Tupancireta
RS,Tupandi
RS,Tuparendi
RS,Turucu
RS,Ubiretama
RS,Uniao da Serra
RS,Unistalda
RS,Uruguaiana
RS,Vacaria
RS,Vale do Sol
RS,Vale Real
RS,Vale Verde
RS,Vanini
RS,Venancio Aires
RS,Vera Cruz
RS,Veranopolis
RS,Vespasiano Correa
RS,Viadutos
RS,Viamao
RS,Vicente Dutra
RS,Victor Graeff
RS,Vila Flores
RS,Vila Langaro
RS,Vila Maria
RS,Vila Nova do Sul
RS,Vista Alegre
RS,Vista Alegre do Prata
RS,Vista Gaucha
RS,Vitoria das Missoes
RS,Westfalia
RS,Xangri-la
MS,Agua Clara
MS,Alcinopolis
MS,Amambai
MS,Anastacio
MS,Anaurilandia
MS,Angelica
MS,Antonio Joao
MS,Aparecida do Taboado
MS,Aquidauana
MS,Aral Moreira
MS,Bandeirantes
MS,Bataguassu
MS,Bataypora
MS,Bela Vista
MS,Bodoquena
MS,Bonito
MS,Brasilandia
MS,Caarapo
MS,Camapua
MS,Campo Grande
MS,Caracol
MS,Cassilandia
MS,Chapadao do Sul
MS,Corguinho
MS,Coronel Sapucaia
MS,Corumba
MS,Costa Rica
MS,Coxim
MS,Deodapolis
MS,Dois Irmaos do Buriti
MS,Douradina
MS,Dourados
MS,Eldorado
MS,Fatima do Sul
MS,Figueirao
MS,Gloria de Dourados
MS,Guia Lopes da Laguna
MS,Iguatemi
MS,Inocencia
MS,Itapora
MS,Itaquirai
MS,Ivinhema
MS,Japora
MS,Jaraguari
MS,Jardim
MS,Jatei
MS,Juti
MS,Ladario
MS,Laguna Carapa
MS,Maracaju
MS,Miranda
MS,Mundo Novo
MS,Navirai
MS,Nioaque
MS,Nova Alvorada do Sul
MS,Nova Andradina
MS,Novo Horizonte do Sul
MS,Paraiso das Aguas
MS,Paranaiba
MS,Paranhos
MS,Pedro Gomes
MS,Ponta Pora
MS,Porto Murtinho
MS,Ribas do Rio Pardo
MS,Rio Brilhante
MS,Rio Negro
MS,Rio Verde de Mato Grosso
MS,Rochedo
MS,Santa Rita do Pardo
MS,Sao Gabriel do Oeste
MS,Selviria
MS,Sete Quedas
MS,Sidrolandia
MS,Sonora
MS,Tacuru
MS,Taquarussu
MS,Terenos
MS,Tres Lagoas
MS,Vicentina
MT,Acorizal
MT,Agua Boa
MT,Alta Floresta
MT,Alto Araguaia
MT,Alto Boa Vista
MT,Alto Garcas
MT,Alto Paraguai
MT,Alto Taquari
MT,Apiacas
MT,Araguaiana
MT,Araguainha
MT,Araputanga
MT,Arenapolis
MT,Aripuana
MT,Barao de Melgaco
MT,Barra do Bugres
MT,Barra do Garcas
MT,Bom Jesus do Araguaia
MT,Brasnorte
MT,Caceres
MT,Campinapolis
MT,Campo Novo do Parecis
MT,Campo Verde
MT,Campos de Julio
MT,Canabrava do Norte
MT,Canarana
MT,Carlinda
MT,Castanheira
MT,Chapada dos Guimaraes
MT,Claudia
MT,Cocalinho
MT,Colider
MT,Colniza
MT,Comodoro
MT,Confresa
MT,Conquista D'Oeste
MT,Cotriguacu
MT,Cuiaba
MT,Curvelandia
MT,Denise
MT,Diamantino
MT,Dom Aquino
MT,Feliz Natal
MT,Figueiropolis D'Oeste
MT,Gaucha do Norte
MT,General Carneiro
MT,Gloria D'Oeste
MT,Guaranta do Norte
MT,Guiratinga
MT,Indiavai
MT,Ipiranga do Norte
MT,Itanhanga
MT,Itauba
MT,Itiquira
MT,Jaciara
MT,Jangada
MT,Jauru
MT,Juara
MT,Juina
MT,Juruena
MT,Juscimeira
MT,Lambari D'Oeste
MT,Lucas do Rio Verde
MT,Luciara
MT,Marcelandia
MT,Matupa
MT,Mirassol d'Oeste
MT,Nobres
MT,Nortelandia
MT,Nossa Senhora do Livramento
MT,Nova Bandeirantes
MT,Nova Brasilandia
MT,Nova Canaa do Norte
MT,Nova Guarita
MT,Nova Lacerda
MT,Nova Marilandia
MT,Nova Maringa
MT,Nova Monte Verde
MT,Nova Mutum
MT,Nova Nazare
MT,Nova Olimpia
MT,Nova Santa Helena
MT,Nova Ubirata
MT,Nova Xavantina
MT,Novo Horizonte do Norte
MT,Novo Mundo
MT,Novo Santo Antonio
MT,Novo Sao Joaquim
MT,Paranaita
MT,Paranatinga
MT,Pedra Preta
MT,Peixoto de Azevedo
MT,Planalto da Serra
MT,Pocone
MT,Pontal do Araguaia
MT,Ponte Branca
MT,Pontes e Lacerda
MT,Porto Alegre do Norte
MT,Porto dos Gauchos
MT,Porto Esperidiao
MT,Porto Estrela
MT,Poxoreo
MT,Primavera do Leste
MT,Querencia
MT,Reserva do Cabacal
MT,Ribeirao Cascalheira
MT,Ribeiraozinho
MT,Rio Branco
MT,Rondolandia
MT,Rondonopolis
MT,Rosario Oeste
MT,Salto do Ceu
MT,Santa Carmem
MT,Santa Cruz do Xingu
MT,Santa Rita do Trivelato
MT,Santa Terezinha
MT,Santo Afonso
MT,Santo Antonio do Leste
MT,Santo Antonio do Leverger
MT,Sao Felix do Araguaia
MT,Sao Jose do Povo
MT,Sao Jose do Rio Claro
MT,Sao Jose do Xingu
MT,Sao Jose dos Quatro Marcos
MT,Sao Pedro da Cipa
MT,Sapezal
MT,Serra Nova Dourada
MT,Sinop
MT,Sorriso
MT,Tabapora
MT,Tangara da Serra
MT,Tapurah
MT,Terra Nova do Norte
MT,Tesouro
MT,Torixoreu
MT,Uniao do Sul
MT,Vale de Sao Domingos
MT,Varzea Grande
MT,Vera
MT,Vila Bela da Santissima Trindade
MT,Vila Rica
GO,Abadia de Goias
GO,Abadiania
GO,Acreuna
GO,Adelandia
GO,Agua Fria de Goias
GO,Agua Limpa
GO,Aguas Lindas de Goias
GO,Alexania
GO,Aloandia
GO,Alto Horizonte
GO,Alto Paraiso de Goias
GO,Alvorada do Norte
GO,Amaralina
GO,Americano do Brasil
GO,Amorinopolis
GO,Anapolis
GO,Anhanguera
GO,Anicuns
GO,Aparecida de Goiania
GO,Aparecida do Rio Doce
GO,Apore
GO,Aracu
GO,Aragarcas
GO,Aragoiania
GO,Araguapaz
GO,Arenopolis
GO,Aruana
GO,Aurilandia
GO,Avelinopolis
GO,Baliza
GO,Barro Alto
GO,Bela Vista de Goias
GO,Bom Jardim de Goias
GO,Bom Jesus de Goias
GO,Bonfinopolis
GO,Bonopolis
GO,Brazabrantes
GO,Britania
GO,Buriti Alegre
GO,Buriti de Goias
GO,Buritinopolis
GO,Cabeceiras
GO,Cachoeira Alta
GO,Cachoeira de Goias
GO,Cachoeira Dourada
GO,Cacu
GO,Caiaponia
GO,Caldas Novas
GO,Caldazinha
GO,Campestre de Goias
GO,Campinacu
GO,Campinorte
GO,Campo Alegre de Goias
GO,Campo Limpo de Goias
GO,Campos Belos
GO,Campos Verdes
GO,Carmo do Rio Verde
GO,Castelandia
GO,Catalao
GO,Caturai
GO,Cavalcante
GO,Ceres
GO,Cezarina
GO,Chapadao do Ceu
GO,Cidade Ocidental
GO,Cocalzinho de Goias
GO,Colinas do Sul
GO,Corrego do Ouro
GO,Corumba de Goias
GO,Corumbaiba
GO,Cristalina
GO,Cristianopolis
GO,Crixas
GO,Crominia
GO,Cumari
GO,Damianopolis
GO,Damolandia
GO,Davinopolis
GO,Diorama
GO,Divinopolis de Goias
GO,Doverlandia
GO,Edealina
GO,Edeia
GO,Estrela do Norte
GO,Faina
GO,Fazenda Nova
GO,Firminopolis
GO,Flores de Goias
GO,Formosa
GO,Formoso
GO,Gameleira de Goias
GO,Goianapolis
GO,Goiandira
GO,Goianesia
GO,Goiania
GO,Goianira
GO,Goias
GO,Goiatuba
GO,Gouvelandia
GO,Guapo
GO,Guaraita
GO,Guarani de Goias
GO,Guarinos
GO,Heitorai
GO,Hidrolandia
GO,Hidrolina
GO,Iaciara
GO,Inaciolandia
GO,Indiara
GO,Inhumas
GO,Ipameri
GO,Ipiranga de Goias
GO,Ipora
GO,Israelandia
GO,Itaberai
GO,Itaguari
GO,Itaguaru
GO,Itaja
GO,Itapaci
GO,Itapirapua
GO,Itapuranga
GO,Itaruma
GO,Itaucu
GO,Itumbiara
GO,Ivolandia
GO,Jandaia
GO,Jaragua
GO,Jatai
GO,Jaupaci
GO,Jesupolis
GO,Joviania
GO,Jussara
GO,Lagoa Santa
GO,Leopoldo de Bulhoes
GO,Luziania
GO,Mairipotaba
GO,Mambai
GO,Mara Rosa
GO,Marzagao
GO,Matrincha
GO,Maurilandia
GO,Mimoso de Goias
GO,Minacu
GO,Mineiros
GO,Moipora
GO,Monte Alegre de Goias
GO,Montes Claros de Goias
GO,Montividiu
GO,Montividiu do Norte
GO,Morrinhos
GO,Morro Agudo de Goias
GO,Mossamedes
GO,Mozarlandia
GO,Mundo Novo
GO,Mutunopolis
GO,Nazario
GO,Neropolis
GO,Niquelandia
GO,Nova America
GO,Nova Aurora
GO,Nova Crixas
GO,Nova Gloria
GO,Nova Iguacu de Goias
GO,Nova Roma
GO,Nova Veneza
GO,Novo Brasil
GO,Novo Gama
GO,Novo Planalto
GO,Orizona
GO,Ouro Verde de Goias
GO,Ouvidor
GO,Padre Bernardo
GO,Palestina de Goias
GO,Palmeiras de Goias
GO,Palmelo
GO,Palminopolis
GO,Panama
GO,Paranaiguara
GO,Parauna
GO,Perolandia
GO,Petrolina de Goias
GO,Pilar de Goias
GO,Piracanjuba
GO,Piranhas
GO,Pirenopolis
GO,Pires do Rio
GO,Planaltina
GO,Pontalina
GO,Porangatu
GO,Porteirao
GO,Portelandia
GO,Posse
GO,Professor Jamil
GO,Quirinopolis
GO,Rialma
GO,Rianapolis
GO,Rio Quente
GO,Rio Verde
GO,Rubiataba
GO,Sanclerlandia
GO,Santa Barbara de Goias
GO,Santa Cruz de Goias
GO,Santa Fe de Goias
GO,Santa Helena de Goias
GO,Santa Isabel
GO,Santa Rita do Araguaia
GO,Santa Rita do Novo Destino
GO,Santa Rosa de Goias
GO,Santa Tereza de Goias
GO,Santa Terezinha de Goias
GO,Santo Antonio da Barra
GO,Santo Antonio de Goias
GO,Santo Antonio do Descoberto
GO,Sao Domingos
GO,Sao Francisco de Goias
GO,Sao Joao da Parauna
GO,Sao Joao d'Alianca
GO,Sao Luis de Montes Belos
GO,Sao Luiz do Norte
GO,Sao Miguel do Araguaia
GO,Sao Miguel do Passa Quatro
GO,Sao Patricio
GO,Sao Simao
GO,Senador Canedo
GO,Serranopolis
GO,Silvania
GO,Simolandia
GO,Sitio d'Abadia
GO,Taquaral de Goias
GO,Teresina de Goias
GO,Terezopolis de Goias
GO,Tres Ranchos
GO,Trindade
GO,Trombas
GO,Turvania
GO,Turvelandia
GO,Uirapuru
GO,Uruacu
GO,Uruana
GO,Urutai
GO,Valparaiso de Goias
GO,Varjao
GO,Vianopolis
GO,Vicentinopolis
GO,Vila Boa
GO,Vila Propicio
DF,Brasilia
